  Current Time (s),Current Time (years),Pore Volume,Phase1-S8- Volume rate,Phase1-S8- Cumulative production
 0.90000000000E+02,0.28538812785E-05,0.16000000000E-03,0.55499993338E-08,0.49949994004E-06
 0.18000000000E+03,0.57077625571E-05,0.16000000000E-03,0.55499993338E-08,0.99899988008E-06
 0.27000000000E+03,0.85616438356E-05,0.16000000000E-03,0.55499993338E-08,0.14984998201E-05
 0.36000000000E+03,0.11415525114E-04,0.16000000000E-03,0.55499993338E-08,0.19979997602E-05
 0.45000000000E+03,0.14269406393E-04,0.16000000000E-03,0.55499993338E-08,0.24974997002E-05
 0.54000000000E+03,0.17123287671E-04,0.16000000000E-03,0.55499993338E-08,0.29969996402E-05
 0.63000000000E+03,0.19977168950E-04,0.16000000000E-03,0.55499993338E-08,0.34964995803E-05
 0.72000000000E+03,0.22831050228E-04,0.16000000000E-03,0.55499993338E-08,0.39959995203E-05
 0.81000000000E+03,0.25684931507E-04,0.16000000000E-03,0.55499993338E-08,0.44954994603E-05
 0.90000000000E+03,0.28538812785E-04,0.16000000000E-03,0.55499993338E-08,0.49949994004E-05
 0.99000000000E+03,0.31392694064E-04,0.16000000000E-03,0.55499993338E-08,0.54944993404E-05
 0.10800000000E+04,0.34246575342E-04,0.16000000000E-03,0.55499993338E-08,0.59939992805E-05
 0.11700000000E+04,0.37100456621E-04,0.16000000000E-03,0.55499993338E-08,0.64934992205E-05
 0.12600000000E+04,0.39954337900E-04,0.16000000000E-03,0.55499993338E-08,0.69929991605E-05
 0.13500000000E+04,0.42808219178E-04,0.16000000000E-03,0.55499993338E-08,0.74924991006E-05
 0.14400000000E+04,0.45662100457E-04,0.16000000000E-03,0.55499993338E-08,0.79919990406E-05
 0.15300000000E+04,0.48515981735E-04,0.16000000000E-03,0.55499993338E-08,0.84914989807E-05
 0.16200000000E+04,0.51369863014E-04,0.16000000000E-03,0.55499993338E-08,0.89909989207E-05
 0.17100000000E+04,0.54223744292E-04,0.16000000000E-03,0.55499993338E-08,0.94904988607E-05
 0.18000000000E+04,0.57077625571E-04,0.16000000000E-03,0.55499993338E-08,0.99899988008E-05
 0.18900000000E+04,0.59931506849E-04,0.16000000000E-03,0.55499993338E-08,0.10489498741E-04
 0.19800000000E+04,0.62785388128E-04,0.16000000000E-03,0.55499993338E-08,0.10988998681E-04
 0.20700000000E+04,0.65639269406E-04,0.16000000000E-03,0.55499993338E-08,0.11488498621E-04
 0.21600000000E+04,0.68493150685E-04,0.16000000000E-03,0.55499993338E-08,0.11987998561E-04
 0.22500000000E+04,0.71347031963E-04,0.16000000000E-03,0.55499993338E-08,0.12487498501E-04
 0.23400000000E+04,0.74200913242E-04,0.16000000000E-03,0.55499993338E-08,0.12986998441E-04
 0.24300000000E+04,0.77054794521E-04,0.16000000000E-03,0.55499993338E-08,0.13486498381E-04
 0.25200000000E+04,0.79908675799E-04,0.16000000000E-03,0.55499993338E-08,0.13985998321E-04
 0.26100000000E+04,0.82762557078E-04,0.16000000000E-03,0.55499993338E-08,0.14485498261E-04
 0.27000000000E+04,0.85616438356E-04,0.16000000000E-03,0.55499993338E-08,0.14984998201E-04
 0.27900000000E+04,0.88470319635E-04,0.16000000000E-03,0.55499993338E-08,0.15484498141E-04
 0.28800000000E+04,0.91324200913E-04,0.16000000000E-03,0.55499993338E-08,0.15983998081E-04
 0.29700000000E+04,0.94178082192E-04,0.16000000000E-03,0.55499993338E-08,0.16483498021E-04
 0.30600000000E+04,0.97031963470E-04,0.16000000000E-03,0.55499993338E-08,0.16982997961E-04
 0.31500000000E+04,0.99885844749E-04,0.16000000000E-03,0.55499993338E-08,0.17482497901E-04
 0.32400000000E+04,0.10273972603E-03,0.16000000000E-03,0.55499993338E-08,0.17981997841E-04
 0.33300000000E+04,0.10559360731E-03,0.16000000000E-03,0.55499993338E-08,0.18481497781E-04
 0.34200000000E+04,0.10844748858E-03,0.16000000000E-03,0.55499993338E-08,0.18980997721E-04
 0.35100000000E+04,0.11130136986E-03,0.16000000000E-03,0.55499993338E-08,0.19480497661E-04
 0.36000000000E+04,0.11415525114E-03,0.16000000000E-03,0.55499993338E-08,0.19979997602E-04
 0.36900000000E+04,0.11700913242E-03,0.16000000000E-03,0.55499993338E-08,0.20479497542E-04
 0.37800000000E+04,0.11986301370E-03,0.16000000000E-03,0.55499993338E-08,0.20978997482E-04
 0.38700000000E+04,0.12271689498E-03,0.16000000000E-03,0.55499993338E-08,0.21478497422E-04
 0.39600000000E+04,0.12557077626E-03,0.16000000000E-03,0.55499993338E-08,0.21977997362E-04
 0.40500000000E+04,0.12842465753E-03,0.16000000000E-03,0.55499993338E-08,0.22477497302E-04
 0.41400000000E+04,0.13127853881E-03,0.16000000000E-03,0.55499993338E-08,0.22976997242E-04
 0.42300000000E+04,0.13413242009E-03,0.16000000000E-03,0.55499993338E-08,0.23476497182E-04
 0.43200000000E+04,0.13698630137E-03,0.16000000000E-03,0.55499993338E-08,0.23975997122E-04
 0.44100000000E+04,0.13984018265E-03,0.16000000000E-03,0.55499993338E-08,0.24475497062E-04
 0.45000000000E+04,0.14269406393E-03,0.16000000000E-03,0.55499993338E-08,0.24974997002E-04
 0.45900000000E+04,0.14554794521E-03,0.16000000000E-03,0.55499993338E-08,0.25474496942E-04
 0.46800000000E+04,0.14840182648E-03,0.16000000000E-03,0.55499993338E-08,0.25973996882E-04
 0.47700000000E+04,0.15125570776E-03,0.16000000000E-03,0.55499993338E-08,0.26473496822E-04
 0.48600000000E+04,0.15410958904E-03,0.16000000000E-03,0.55499993338E-08,0.26972996762E-04
 0.49500000000E+04,0.15696347032E-03,0.16000000000E-03,0.55499993338E-08,0.27472496702E-04
 0.50400000000E+04,0.15981735160E-03,0.16000000000E-03,0.55499993338E-08,0.27971996642E-04
 0.51300000000E+04,0.16267123288E-03,0.16000000000E-03,0.55499993338E-08,0.28471496582E-04
 0.52200000000E+04,0.16552511416E-03,0.16000000000E-03,0.55499993338E-08,0.28970996522E-04
 0.53100000000E+04,0.16837899543E-03,0.16000000000E-03,0.55499993338E-08,0.29470496462E-04
 0.54000000000E+04,0.17123287671E-03,0.16000000000E-03,0.55499993338E-08,0.29969996402E-04
 0.54900000000E+04,0.17408675799E-03,0.16000000000E-03,0.55499993338E-08,0.30469496342E-04
 0.55800000000E+04,0.17694063927E-03,0.16000000000E-03,0.55499993338E-08,0.30968996282E-04
 0.56700000000E+04,0.17979452055E-03,0.16000000000E-03,0.55499993338E-08,0.31468496222E-04
 0.57600000000E+04,0.18264840183E-03,0.16000000000E-03,0.55499993338E-08,0.31967996162E-04
 0.58500000000E+04,0.18550228311E-03,0.16000000000E-03,0.55499993338E-08,0.32467496102E-04
 0.59400000000E+04,0.18835616438E-03,0.16000000000E-03,0.55499993338E-08,0.32966996043E-04
 0.60300000000E+04,0.19121004566E-03,0.16000000000E-03,0.55499993338E-08,0.33466495983E-04
 0.61200000000E+04,0.19406392694E-03,0.16000000000E-03,0.55499993338E-08,0.33965995923E-04
 0.62100000000E+04,0.19691780822E-03,0.16000000000E-03,0.55499993338E-08,0.34465495863E-04
 0.63000000000E+04,0.19977168950E-03,0.16000000000E-03,0.55499993338E-08,0.34964995803E-04
 0.63900000000E+04,0.20262557078E-03,0.16000000000E-03,0.55499993338E-08,0.35464495743E-04
 0.64800000000E+04,0.20547945205E-03,0.16000000000E-03,0.55499993338E-08,0.35963995683E-04
 0.65700000000E+04,0.20833333333E-03,0.16000000000E-03,0.55499993338E-08,0.36463495623E-04
 0.66600000000E+04,0.21118721461E-03,0.16000000000E-03,0.55499993338E-08,0.36962995563E-04
 0.67500000000E+04,0.21404109589E-03,0.16000000000E-03,0.55499993338E-08,0.37462495503E-04
 0.68400000000E+04,0.21689497717E-03,0.16000000000E-03,0.55499993338E-08,0.37961995443E-04
 0.69300000000E+04,0.21974885845E-03,0.16000000000E-03,0.55499993338E-08,0.38461495383E-04
 0.70200000000E+04,0.22260273973E-03,0.16000000000E-03,0.55499993338E-08,0.38960995323E-04
 0.71100000000E+04,0.22545662100E-03,0.16000000000E-03,0.55499993338E-08,0.39460495263E-04
 0.72000000000E+04,0.22831050228E-03,0.16000000000E-03,0.55499993338E-08,0.39959995203E-04
 0.72900000000E+04,0.23116438356E-03,0.16000000000E-03,0.55499993338E-08,0.40459495143E-04
 0.73800000000E+04,0.23401826484E-03,0.16000000000E-03,0.55499993338E-08,0.40958995083E-04
 0.74700000000E+04,0.23687214612E-03,0.16000000000E-03,0.55499993338E-08,0.41458495023E-04
 0.75600000000E+04,0.23972602740E-03,0.16000000000E-03,0.55499993338E-08,0.41957994963E-04
 0.76500000000E+04,0.24257990868E-03,0.16000000000E-03,0.55499993338E-08,0.42457494903E-04
 0.77400000000E+04,0.24543378995E-03,0.16000000000E-03,0.55499993338E-08,0.42956994843E-04
 0.78300000000E+04,0.24828767123E-03,0.16000000000E-03,0.55499993338E-08,0.43456494783E-04
 0.79200000000E+04,0.25114155251E-03,0.16000000000E-03,0.55499993338E-08,0.43955994723E-04
 0.80100000000E+04,0.25399543379E-03,0.16000000000E-03,0.55499993338E-08,0.44455494663E-04
 0.81000000000E+04,0.25684931507E-03,0.16000000000E-03,0.55499993338E-08,0.44954994603E-04
 0.81900000000E+04,0.25970319635E-03,0.16000000000E-03,0.55499993338E-08,0.45454494543E-04
 0.82800000000E+04,0.26255707763E-03,0.16000000000E-03,0.55499993338E-08,0.45953994484E-04
 0.83700000000E+04,0.26541095890E-03,0.16000000000E-03,0.55499993338E-08,0.46453494424E-04
 0.84600000000E+04,0.26826484018E-03,0.16000000000E-03,0.55499993338E-08,0.46952994364E-04
 0.85500000000E+04,0.27111872146E-03,0.16000000000E-03,0.55499993338E-08,0.47452494304E-04
 0.86400000000E+04,0.27397260274E-03,0.16000000000E-03,0.55499993338E-08,0.47951994244E-04
 0.87300000000E+04,0.27682648402E-03,0.16000000000E-03,0.55499993338E-08,0.48451494184E-04
 0.88200000000E+04,0.27968036530E-03,0.16000000000E-03,0.55499993338E-08,0.48950994124E-04
 0.89100000000E+04,0.28253424658E-03,0.16000000000E-03,0.55499993338E-08,0.49450494064E-04
 0.90000000000E+04,0.28538812785E-03,0.16000000000E-03,0.55499993338E-08,0.49949994004E-04
 0.90900000000E+04,0.28824200913E-03,0.16000000000E-03,0.55499993338E-08,0.50449493944E-04
 0.91800000000E+04,0.29109589041E-03,0.16000000000E-03,0.55499993338E-08,0.50948993884E-04
 0.92700000000E+04,0.29394977169E-03,0.16000000000E-03,0.55499993338E-08,0.51448493824E-04
 0.93600000000E+04,0.29680365297E-03,0.16000000000E-03,0.55499993338E-08,0.51947993764E-04
 0.94500000000E+04,0.29965753425E-03,0.16000000000E-03,0.55499993338E-08,0.52447493704E-04
 0.95400000000E+04,0.30251141553E-03,0.16000000000E-03,0.55499993338E-08,0.52946993644E-04
 0.96300000000E+04,0.30536529680E-03,0.16000000000E-03,0.55499993338E-08,0.53446493584E-04
 0.97200000000E+04,0.30821917808E-03,0.16000000000E-03,0.55499993338E-08,0.53945993524E-04
 0.98100000000E+04,0.31107305936E-03,0.16000000000E-03,0.55499993338E-08,0.54445493464E-04
 0.99000000000E+04,0.31392694064E-03,0.16000000000E-03,0.55499993338E-08,0.54944993404E-04
 0.99900000000E+04,0.31678082192E-03,0.16000000000E-03,0.55499993338E-08,0.55444493344E-04
 0.10080000000E+05,0.31963470320E-03,0.16000000000E-03,0.55499993338E-08,0.55943993284E-04
 0.10170000000E+05,0.32248858447E-03,0.16000000000E-03,0.55499993338E-08,0.56443493224E-04
 0.10260000000E+05,0.32534246575E-03,0.16000000000E-03,0.55499993338E-08,0.56942993164E-04
 0.10350000000E+05,0.32819634703E-03,0.16000000000E-03,0.55499993338E-08,0.57442493104E-04
 0.10440000000E+05,0.33105022831E-03,0.16000000000E-03,0.55499993338E-08,0.57941993044E-04
 0.10530000000E+05,0.33390410959E-03,0.16000000000E-03,0.55499993338E-08,0.58441492984E-04
 0.10620000000E+05,0.33675799087E-03,0.16000000000E-03,0.55499993338E-08,0.58940992925E-04
 0.10710000000E+05,0.33961187215E-03,0.16000000000E-03,0.55499993338E-08,0.59440492865E-04
 0.10800000000E+05,0.34246575342E-03,0.16000000000E-03,0.55499993338E-08,0.59939992805E-04
 0.10890000000E+05,0.34531963470E-03,0.16000000000E-03,0.55499993338E-08,0.60439492745E-04
 0.10980000000E+05,0.34817351598E-03,0.16000000000E-03,0.55499993338E-08,0.60938992685E-04
 0.11070000000E+05,0.35102739726E-03,0.16000000000E-03,0.55499993338E-08,0.61438492625E-04
 0.11160000000E+05,0.35388127854E-03,0.16000000000E-03,0.55499993338E-08,0.61937992565E-04
 0.11250000000E+05,0.35673515982E-03,0.16000000000E-03,0.55499993338E-08,0.62437492505E-04
 0.11340000000E+05,0.35958904110E-03,0.16000000000E-03,0.55499993338E-08,0.62936992445E-04
 0.11430000000E+05,0.36244292237E-03,0.16000000000E-03,0.55499993338E-08,0.63436492385E-04
 0.11520000000E+05,0.36529680365E-03,0.16000000000E-03,0.55499993338E-08,0.63935992325E-04
 0.11610000000E+05,0.36815068493E-03,0.16000000000E-03,0.55499993338E-08,0.64435492265E-04
 0.11700000000E+05,0.37100456621E-03,0.16000000000E-03,0.55499993338E-08,0.64934992205E-04
 0.11790000000E+05,0.37385844749E-03,0.16000000000E-03,0.55499993338E-08,0.65434492145E-04
 0.11880000000E+05,0.37671232877E-03,0.16000000000E-03,0.55499993338E-08,0.65933992085E-04
 0.11970000000E+05,0.37956621005E-03,0.16000000000E-03,0.55499993338E-08,0.66433492025E-04
 0.12060000000E+05,0.38242009132E-03,0.16000000000E-03,0.55499993338E-08,0.66932991965E-04
 0.12150000000E+05,0.38527397260E-03,0.16000000000E-03,0.55499993338E-08,0.67432491905E-04
 0.12240000000E+05,0.38812785388E-03,0.16000000000E-03,0.55499993338E-08,0.67931991845E-04
 0.12330000000E+05,0.39098173516E-03,0.16000000000E-03,0.55499993338E-08,0.68431491785E-04
 0.12420000000E+05,0.39383561644E-03,0.16000000000E-03,0.55499993338E-08,0.68930991725E-04
 0.12510000000E+05,0.39668949772E-03,0.16000000000E-03,0.55499993338E-08,0.69430491665E-04
 0.12600000000E+05,0.39954337900E-03,0.16000000000E-03,0.55499993338E-08,0.69929991605E-04
 0.12690000000E+05,0.40239726027E-03,0.16000000000E-03,0.55499993338E-08,0.70429491545E-04
 0.12780000000E+05,0.40525114155E-03,0.16000000000E-03,0.55499993338E-08,0.70928991485E-04
 0.12870000000E+05,0.40810502283E-03,0.16000000000E-03,0.55499993338E-08,0.71428491425E-04
 0.12960000000E+05,0.41095890411E-03,0.16000000000E-03,0.55499993338E-08,0.71927991366E-04
 0.13050000000E+05,0.41381278539E-03,0.16000000000E-03,0.55499993338E-08,0.72427491306E-04
 0.13140000000E+05,0.41666666667E-03,0.16000000000E-03,0.55499993338E-08,0.72926991246E-04
 0.13230000000E+05,0.41952054795E-03,0.16000000000E-03,0.55499993338E-08,0.73426491186E-04
 0.13320000000E+05,0.42237442922E-03,0.16000000000E-03,0.55499993338E-08,0.73925991126E-04
 0.13410000000E+05,0.42522831050E-03,0.16000000000E-03,0.55499993338E-08,0.74425491066E-04
 0.13500000000E+05,0.42808219178E-03,0.16000000000E-03,0.55499993338E-08,0.74924991006E-04
 0.13590000000E+05,0.43093607306E-03,0.16000000000E-03,0.55499993338E-08,0.75424490946E-04
 0.13680000000E+05,0.43378995434E-03,0.16000000000E-03,0.55499993338E-08,0.75923990886E-04
 0.13770000000E+05,0.43664383562E-03,0.16000000000E-03,0.55499993338E-08,0.76423490826E-04
 0.13860000000E+05,0.43949771689E-03,0.16000000000E-03,0.55499993338E-08,0.76922990766E-04
 0.13950000000E+05,0.44235159817E-03,0.16000000000E-03,0.55499993338E-08,0.77422490706E-04
 0.14040000000E+05,0.44520547945E-03,0.16000000000E-03,0.55499993338E-08,0.77921990646E-04
 0.14130000000E+05,0.44805936073E-03,0.16000000000E-03,0.55499993338E-08,0.78421490586E-04
 0.14220000000E+05,0.45091324201E-03,0.16000000000E-03,0.55499993338E-08,0.78920990526E-04
 0.14310000000E+05,0.45376712329E-03,0.16000000000E-03,0.55499993338E-08,0.79420490466E-04
 0.14400000000E+05,0.45662100457E-03,0.16000000000E-03,0.55499993338E-08,0.79919990406E-04
 0.14490000000E+05,0.45947488584E-03,0.16000000000E-03,0.55499993338E-08,0.80419490346E-04
 0.14580000000E+05,0.46232876712E-03,0.16000000000E-03,0.55499993338E-08,0.80918990286E-04
 0.14670000000E+05,0.46518264840E-03,0.16000000000E-03,0.55499993338E-08,0.81418490226E-04
 0.14760000000E+05,0.46803652968E-03,0.16000000000E-03,0.55499993338E-08,0.81917990166E-04
 0.14850000000E+05,0.47089041096E-03,0.16000000000E-03,0.55499993338E-08,0.82417490106E-04
 0.14940000000E+05,0.47374429224E-03,0.16000000000E-03,0.55499993338E-08,0.82916990046E-04
 0.15030000000E+05,0.47659817352E-03,0.16000000000E-03,0.55499993338E-08,0.83416489986E-04
 0.15120000000E+05,0.47945205479E-03,0.16000000000E-03,0.55499993338E-08,0.83915989926E-04
 0.15210000000E+05,0.48230593607E-03,0.16000000000E-03,0.55499993338E-08,0.84415489866E-04
 0.15300000000E+05,0.48515981735E-03,0.16000000000E-03,0.55499993338E-08,0.84914989807E-04
 0.15390000000E+05,0.48801369863E-03,0.16000000000E-03,0.55499993338E-08,0.85414489747E-04
 0.15480000000E+05,0.49086757991E-03,0.16000000000E-03,0.55499993338E-08,0.85913989687E-04
 0.15570000000E+05,0.49372146119E-03,0.16000000000E-03,0.55499993338E-08,0.86413489627E-04
 0.15660000000E+05,0.49657534247E-03,0.16000000000E-03,0.55499993338E-08,0.86912989567E-04
 0.15750000000E+05,0.49942922374E-03,0.16000000000E-03,0.55499993338E-08,0.87412489507E-04
 0.15840000000E+05,0.50228310502E-03,0.16000000000E-03,0.55499993338E-08,0.87911989447E-04
 0.15930000000E+05,0.50513698630E-03,0.16000000000E-03,0.55499993338E-08,0.88411489387E-04
 0.16020000000E+05,0.50799086758E-03,0.16000000000E-03,0.55499993338E-08,0.88910989327E-04
 0.16110000000E+05,0.51084474886E-03,0.16000000000E-03,0.55499993338E-08,0.89410489267E-04
 0.16200000000E+05,0.51369863014E-03,0.16000000000E-03,0.55499993338E-08,0.89909989207E-04
 0.16290000000E+05,0.51655251142E-03,0.16000000000E-03,0.55499993338E-08,0.90409489147E-04
 0.16380000000E+05,0.51940639269E-03,0.16000000000E-03,0.55499993338E-08,0.90908989087E-04
 0.16470000000E+05,0.52226027397E-03,0.16000000000E-03,0.55499993338E-08,0.91408489027E-04
 0.16560000000E+05,0.52511415525E-03,0.16000000000E-03,0.55499993338E-08,0.91907988967E-04
 0.16650000000E+05,0.52796803653E-03,0.16000000000E-03,0.55499993338E-08,0.92407488907E-04
 0.16740000000E+05,0.53082191781E-03,0.16000000000E-03,0.55499993338E-08,0.92906988847E-04
 0.16830000000E+05,0.53367579909E-03,0.16000000000E-03,0.55499993338E-08,0.93406488787E-04
 0.16920000000E+05,0.53652968037E-03,0.16000000000E-03,0.55499993338E-08,0.93905988727E-04
 0.17010000000E+05,0.53938356164E-03,0.16000000000E-03,0.55499993338E-08,0.94405488667E-04
 0.17100000000E+05,0.54223744292E-03,0.16000000000E-03,0.55499993338E-08,0.94904988607E-04
 0.17190000000E+05,0.54509132420E-03,0.16000000000E-03,0.55499993338E-08,0.95404488547E-04
 0.17280000000E+05,0.54794520548E-03,0.16000000000E-03,0.55499993338E-08,0.95903988487E-04
 0.17370000000E+05,0.55079908676E-03,0.16000000000E-03,0.55499993338E-08,0.96403488427E-04
 0.17460000000E+05,0.55365296804E-03,0.16000000000E-03,0.55499993338E-08,0.96902988367E-04
 0.17550000000E+05,0.55650684932E-03,0.16000000000E-03,0.55499993338E-08,0.97402488307E-04
 0.17640000000E+05,0.55936073059E-03,0.16000000000E-03,0.55499993338E-08,0.97901988248E-04
 0.17730000000E+05,0.56221461187E-03,0.16000000000E-03,0.55499993338E-08,0.98401488188E-04
 0.17820000000E+05,0.56506849315E-03,0.16000000000E-03,0.55499993338E-08,0.98900988128E-04
 0.17910000000E+05,0.56792237443E-03,0.16000000000E-03,0.55499993338E-08,0.99400488068E-04
 0.18000000000E+05,0.57077625571E-03,0.16000000000E-03,0.55499993338E-08,0.99899988008E-04
 0.18090000000E+05,0.57363013699E-03,0.16000000000E-03,0.55499993338E-08,0.10039948795E-03
 0.18180000000E+05,0.57648401826E-03,0.16000000000E-03,0.55499993338E-08,0.10089898789E-03
 0.18270000000E+05,0.57933789954E-03,0.16000000000E-03,0.55499993338E-08,0.10139848783E-03
 0.18360000000E+05,0.58219178082E-03,0.16000000000E-03,0.55499993338E-08,0.10189798777E-03
 0.18450000000E+05,0.58504566210E-03,0.16000000000E-03,0.55499993338E-08,0.10239748771E-03
 0.18540000000E+05,0.58789954338E-03,0.16000000000E-03,0.55499993338E-08,0.10289698765E-03
 0.18630000000E+05,0.59075342466E-03,0.16000000000E-03,0.55499993338E-08,0.10339648759E-03
 0.18720000000E+05,0.59360730594E-03,0.16000000000E-03,0.55499993338E-08,0.10389598753E-03
 0.18810000000E+05,0.59646118721E-03,0.16000000000E-03,0.55499993338E-08,0.10439548747E-03
 0.18900000000E+05,0.59931506849E-03,0.16000000000E-03,0.55499993338E-08,0.10489498741E-03
 0.18990000000E+05,0.60216894977E-03,0.16000000000E-03,0.55499993338E-08,0.10539448735E-03
 0.19080000000E+05,0.60502283105E-03,0.16000000000E-03,0.55499993338E-08,0.10589398729E-03
 0.19170000000E+05,0.60787671233E-03,0.16000000000E-03,0.55499993338E-08,0.10639348723E-03
 0.19260000000E+05,0.61073059361E-03,0.16000000000E-03,0.55499993338E-08,0.10689298717E-03
 0.19350000000E+05,0.61358447489E-03,0.16000000000E-03,0.55499993338E-08,0.10739248711E-03
 0.19440000000E+05,0.61643835616E-03,0.16000000000E-03,0.55499993338E-08,0.10789198705E-03
 0.19530000000E+05,0.61929223744E-03,0.16000000000E-03,0.55499993338E-08,0.10839148699E-03
 0.19620000000E+05,0.62214611872E-03,0.16000000000E-03,0.55499993338E-08,0.10889098693E-03
 0.19710000000E+05,0.62500000000E-03,0.16000000000E-03,0.55499993338E-08,0.10939048687E-03
 0.19800000000E+05,0.62785388128E-03,0.16000000000E-03,0.55499993338E-08,0.10988998681E-03
 0.19890000000E+05,0.63070776256E-03,0.16000000000E-03,0.55499993338E-08,0.11038948675E-03
 0.19980000000E+05,0.63356164384E-03,0.16000000000E-03,0.55499993338E-08,0.11088898669E-03
 0.20070000000E+05,0.63641552511E-03,0.16000000000E-03,0.55499993338E-08,0.11138848663E-03
 0.20160000000E+05,0.63926940639E-03,0.16000000000E-03,0.55499993338E-08,0.11188798657E-03
 0.20250000000E+05,0.64212328767E-03,0.16000000000E-03,0.55499993338E-08,0.11238748651E-03
 0.20340000000E+05,0.64497716895E-03,0.16000000000E-03,0.55499993338E-08,0.11288698645E-03
 0.20430000000E+05,0.64783105023E-03,0.16000000000E-03,0.55499993338E-08,0.11338648639E-03
 0.20520000000E+05,0.65068493151E-03,0.16000000000E-03,0.55499993338E-08,0.11388598633E-03
 0.20610000000E+05,0.65353881279E-03,0.16000000000E-03,0.55499993338E-08,0.11438548627E-03
 0.20700000000E+05,0.65639269406E-03,0.16000000000E-03,0.55499993338E-08,0.11488498621E-03
 0.20790000000E+05,0.65924657534E-03,0.16000000000E-03,0.55499993338E-08,0.11538448615E-03
 0.20880000000E+05,0.66210045662E-03,0.16000000000E-03,0.55499993338E-08,0.11588398609E-03
 0.20970000000E+05,0.66495433790E-03,0.16000000000E-03,0.55499993338E-08,0.11638348603E-03
 0.21060000000E+05,0.66780821918E-03,0.16000000000E-03,0.55499993338E-08,0.11688298597E-03
 0.21150000000E+05,0.67066210046E-03,0.16000000000E-03,0.55499993338E-08,0.11738248591E-03
 0.21240000000E+05,0.67351598174E-03,0.16000000000E-03,0.55499993338E-08,0.11788198585E-03
 0.21330000000E+05,0.67636986301E-03,0.16000000000E-03,0.55499993338E-08,0.11838148579E-03
 0.21420000000E+05,0.67922374429E-03,0.16000000000E-03,0.55499993338E-08,0.11888098573E-03
 0.21510000000E+05,0.68207762557E-03,0.16000000000E-03,0.55499993338E-08,0.11938048567E-03
 0.21600000000E+05,0.68493150685E-03,0.16000000000E-03,0.55499993338E-08,0.11987998561E-03
 0.21690000000E+05,0.68778538813E-03,0.16000000000E-03,0.55499993338E-08,0.12037948555E-03
 0.21780000000E+05,0.69063926941E-03,0.16000000000E-03,0.55499993338E-08,0.12087898549E-03
 0.21870000000E+05,0.69349315068E-03,0.16000000000E-03,0.55499993338E-08,0.12137848543E-03
 0.21960000000E+05,0.69634703196E-03,0.16000000000E-03,0.55499993338E-08,0.12187798537E-03
 0.22050000000E+05,0.69920091324E-03,0.16000000000E-03,0.55499993338E-08,0.12237748531E-03
 0.22140000000E+05,0.70205479452E-03,0.16000000000E-03,0.55499993338E-08,0.12287698525E-03
 0.22230000000E+05,0.70490867580E-03,0.16000000000E-03,0.55499993338E-08,0.12337648519E-03
 0.22320000000E+05,0.70776255708E-03,0.16000000000E-03,0.55499993338E-08,0.12387598513E-03
 0.22410000000E+05,0.71061643836E-03,0.16000000000E-03,0.55499993338E-08,0.12437548507E-03
 0.22500000000E+05,0.71347031963E-03,0.16000000000E-03,0.55499993338E-08,0.12487498501E-03
 0.22590000000E+05,0.71632420091E-03,0.16000000000E-03,0.55499993338E-08,0.12537448495E-03
 0.22680000000E+05,0.71917808219E-03,0.16000000000E-03,0.55499993338E-08,0.12587398489E-03
 0.22770000000E+05,0.72203196347E-03,0.16000000000E-03,0.55499993338E-08,0.12637348483E-03
 0.22860000000E+05,0.72488584475E-03,0.16000000000E-03,0.55499993338E-08,0.12687298477E-03
 0.22950000000E+05,0.72773972603E-03,0.16000000000E-03,0.55499993338E-08,0.12737248471E-03
 0.23040000000E+05,0.73059360731E-03,0.16000000000E-03,0.55499993338E-08,0.12787198465E-03
 0.23130000000E+05,0.73344748858E-03,0.16000000000E-03,0.55499993338E-08,0.12837148459E-03
 0.23220000000E+05,0.73630136986E-03,0.16000000000E-03,0.55499993338E-08,0.12887098453E-03
 0.23310000000E+05,0.73915525114E-03,0.16000000000E-03,0.55499993338E-08,0.12937048447E-03
 0.23400000000E+05,0.74200913242E-03,0.16000000000E-03,0.55499993338E-08,0.12986998441E-03
 0.23490000000E+05,0.74486301370E-03,0.16000000000E-03,0.55499993338E-08,0.13036948435E-03
 0.23580000000E+05,0.74771689498E-03,0.16000000000E-03,0.55499993338E-08,0.13086898429E-03
 0.23670000000E+05,0.75057077626E-03,0.16000000000E-03,0.55499993338E-08,0.13136848423E-03
 0.23760000000E+05,0.75342465753E-03,0.16000000000E-03,0.55499993338E-08,0.13186798417E-03
 0.23850000000E+05,0.75627853881E-03,0.16000000000E-03,0.55499993338E-08,0.13236748411E-03
 0.23940000000E+05,0.75913242009E-03,0.16000000000E-03,0.55499993338E-08,0.13286698405E-03
 0.24030000000E+05,0.76198630137E-03,0.16000000000E-03,0.55499993338E-08,0.13336648399E-03
 0.24120000000E+05,0.76484018265E-03,0.16000000000E-03,0.55499993338E-08,0.13386598393E-03
 0.24210000000E+05,0.76769406393E-03,0.16000000000E-03,0.55499993338E-08,0.13436548387E-03
 0.24300000000E+05,0.77054794521E-03,0.16000000000E-03,0.55499993338E-08,0.13486498381E-03
 0.24390000000E+05,0.77340182648E-03,0.16000000000E-03,0.55499993338E-08,0.13536448375E-03
 0.24480000000E+05,0.77625570776E-03,0.16000000000E-03,0.55499993338E-08,0.13586398369E-03
 0.24570000000E+05,0.77910958904E-03,0.16000000000E-03,0.55499993338E-08,0.13636348363E-03
 0.24660000000E+05,0.78196347032E-03,0.16000000000E-03,0.55499993338E-08,0.13686298357E-03
 0.24750000000E+05,0.78481735160E-03,0.16000000000E-03,0.55499993338E-08,0.13736248351E-03
 0.24840000000E+05,0.78767123288E-03,0.16000000000E-03,0.55499993338E-08,0.13786198345E-03
 0.24930000000E+05,0.79052511416E-03,0.16000000000E-03,0.55499993338E-08,0.13836148339E-03
 0.25020000000E+05,0.79337899543E-03,0.16000000000E-03,0.55499993338E-08,0.13886098333E-03
 0.25110000000E+05,0.79623287671E-03,0.16000000000E-03,0.55499993338E-08,0.13936048327E-03
 0.25200000000E+05,0.79908675799E-03,0.16000000000E-03,0.55499993338E-08,0.13985998321E-03
 0.25290000000E+05,0.80194063927E-03,0.16000000000E-03,0.55499993338E-08,0.14035948315E-03
 0.25380000000E+05,0.80479452055E-03,0.16000000000E-03,0.55499993338E-08,0.14085898309E-03
 0.25470000000E+05,0.80764840183E-03,0.16000000000E-03,0.55499993338E-08,0.14135848303E-03
 0.25560000000E+05,0.81050228311E-03,0.16000000000E-03,0.55499993338E-08,0.14185798297E-03
 0.25650000000E+05,0.81335616438E-03,0.16000000000E-03,0.55499993338E-08,0.14235748291E-03
 0.25740000000E+05,0.81621004566E-03,0.16000000000E-03,0.55499993338E-08,0.14285698285E-03
 0.25830000000E+05,0.81906392694E-03,0.16000000000E-03,0.55499993338E-08,0.14335648279E-03
 0.25920000000E+05,0.82191780822E-03,0.16000000000E-03,0.55499993338E-08,0.14385598273E-03
 0.26010000000E+05,0.82477168950E-03,0.16000000000E-03,0.55499993338E-08,0.14435548267E-03
 0.26100000000E+05,0.82762557078E-03,0.16000000000E-03,0.55499993338E-08,0.14485498261E-03
 0.26190000000E+05,0.83047945205E-03,0.16000000000E-03,0.55499993338E-08,0.14535448255E-03
 0.26280000000E+05,0.83333333333E-03,0.16000000000E-03,0.55499993338E-08,0.14585398249E-03
 0.26370000000E+05,0.83618721461E-03,0.16000000000E-03,0.55499993338E-08,0.14635348243E-03
 0.26460000000E+05,0.83904109589E-03,0.16000000000E-03,0.55499993338E-08,0.14685298237E-03
 0.26550000000E+05,0.84189497717E-03,0.16000000000E-03,0.55499993338E-08,0.14735248231E-03
 0.26640000000E+05,0.84474885845E-03,0.16000000000E-03,0.55499993338E-08,0.14785198225E-03
 0.26730000000E+05,0.84760273973E-03,0.16000000000E-03,0.55499993338E-08,0.14835148219E-03
 0.26820000000E+05,0.85045662100E-03,0.16000000000E-03,0.55499993338E-08,0.14885098213E-03
 0.26910000000E+05,0.85331050228E-03,0.16000000000E-03,0.55499993338E-08,0.14935048207E-03
 0.27000000000E+05,0.85616438356E-03,0.16000000000E-03,0.55499993338E-08,0.14984998201E-03
 0.27090000000E+05,0.85901826484E-03,0.16000000000E-03,0.55499993338E-08,0.15034948195E-03
 0.27180000000E+05,0.86187214612E-03,0.16000000000E-03,0.55499993338E-08,0.15084898189E-03
 0.27270000000E+05,0.86472602740E-03,0.16000000000E-03,0.55499993338E-08,0.15134848183E-03
 0.27360000000E+05,0.86757990868E-03,0.16000000000E-03,0.55499993338E-08,0.15184798177E-03
 0.27450000000E+05,0.87043378995E-03,0.16000000000E-03,0.55499993338E-08,0.15234748171E-03
 0.27540000000E+05,0.87328767123E-03,0.16000000000E-03,0.55499993338E-08,0.15284698165E-03
 0.27630000000E+05,0.87614155251E-03,0.16000000000E-03,0.55499993338E-08,0.15334648159E-03
 0.27720000000E+05,0.87899543379E-03,0.16000000000E-03,0.55499993338E-08,0.15384598153E-03
 0.27810000000E+05,0.88184931507E-03,0.16000000000E-03,0.55499993338E-08,0.15434548147E-03
 0.27900000000E+05,0.88470319635E-03,0.16000000000E-03,0.55499993338E-08,0.15484498141E-03
 0.27990000000E+05,0.88755707763E-03,0.16000000000E-03,0.55499993338E-08,0.15534448135E-03
 0.28080000000E+05,0.89041095890E-03,0.16000000000E-03,0.55499993338E-08,0.15584398129E-03
 0.28170000000E+05,0.89326484018E-03,0.16000000000E-03,0.55499993338E-08,0.15634348123E-03
 0.28260000000E+05,0.89611872146E-03,0.16000000000E-03,0.55499993338E-08,0.15684298117E-03
 0.28350000000E+05,0.89897260274E-03,0.16000000000E-03,0.55499993338E-08,0.15734248111E-03
 0.28440000000E+05,0.90182648402E-03,0.16000000000E-03,0.55499993338E-08,0.15784198105E-03
 0.28530000000E+05,0.90468036530E-03,0.16000000000E-03,0.55499993338E-08,0.15834148099E-03
 0.28620000000E+05,0.90753424658E-03,0.16000000000E-03,0.55499993338E-08,0.15884098093E-03
 0.28710000000E+05,0.91038812785E-03,0.16000000000E-03,0.55499993338E-08,0.15934048087E-03
 0.28800000000E+05,0.91324200913E-03,0.16000000000E-03,0.55499993338E-08,0.15983998081E-03
 0.28890000000E+05,0.91609589041E-03,0.16000000000E-03,0.55499993338E-08,0.16033948075E-03
 0.28980000000E+05,0.91894977169E-03,0.16000000000E-03,0.55499993338E-08,0.16083898069E-03
 0.29070000000E+05,0.92180365297E-03,0.16000000000E-03,0.55499993338E-08,0.16133848063E-03
 0.29160000000E+05,0.92465753425E-03,0.16000000000E-03,0.55499993338E-08,0.16183798057E-03
 0.29250000000E+05,0.92751141553E-03,0.16000000000E-03,0.55499993338E-08,0.16233748051E-03
 0.29340000000E+05,0.93036529680E-03,0.16000000000E-03,0.55499993338E-08,0.16283698045E-03
 0.29430000000E+05,0.93321917808E-03,0.16000000000E-03,0.55499993338E-08,0.16333648039E-03
 0.29520000000E+05,0.93607305936E-03,0.16000000000E-03,0.55499993338E-08,0.16383598033E-03
 0.29610000000E+05,0.93892694064E-03,0.16000000000E-03,0.55499993338E-08,0.16433548027E-03
 0.29700000000E+05,0.94178082192E-03,0.16000000000E-03,0.55499993338E-08,0.16483498021E-03
 0.29790000000E+05,0.94463470320E-03,0.16000000000E-03,0.55499993338E-08,0.16533448015E-03
 0.29880000000E+05,0.94748858447E-03,0.16000000000E-03,0.55499993338E-08,0.16583398009E-03
 0.29970000000E+05,0.95034246575E-03,0.16000000000E-03,0.55499993338E-08,0.16633348003E-03
 0.30060000000E+05,0.95319634703E-03,0.16000000000E-03,0.55499993338E-08,0.16683297997E-03
 0.30150000000E+05,0.95605022831E-03,0.16000000000E-03,0.55499993338E-08,0.16733247991E-03
 0.30240000000E+05,0.95890410959E-03,0.16000000000E-03,0.55499993338E-08,0.16783197985E-03
 0.30330000000E+05,0.96175799087E-03,0.16000000000E-03,0.55499993338E-08,0.16833147979E-03
 0.30420000000E+05,0.96461187215E-03,0.16000000000E-03,0.55499993338E-08,0.16883097973E-03
 0.30510000000E+05,0.96746575342E-03,0.16000000000E-03,0.55499993338E-08,0.16933047967E-03
 0.30600000000E+05,0.97031963470E-03,0.16000000000E-03,0.55499993338E-08,0.16982997961E-03
 0.30690000000E+05,0.97317351598E-03,0.16000000000E-03,0.55499993338E-08,0.17032947955E-03
 0.30780000000E+05,0.97602739726E-03,0.16000000000E-03,0.55499993338E-08,0.17082897949E-03
 0.30870000000E+05,0.97888127854E-03,0.16000000000E-03,0.55499993338E-08,0.17132847943E-03
 0.30960000000E+05,0.98173515982E-03,0.16000000000E-03,0.55499993338E-08,0.17182797937E-03
 0.31050000000E+05,0.98458904110E-03,0.16000000000E-03,0.55499993338E-08,0.17232747931E-03
 0.31140000000E+05,0.98744292237E-03,0.16000000000E-03,0.55499993338E-08,0.17282697925E-03
 0.31230000000E+05,0.99029680365E-03,0.16000000000E-03,0.55499993338E-08,0.17332647919E-03
 0.31320000000E+05,0.99315068493E-03,0.16000000000E-03,0.55499993338E-08,0.17382597913E-03
 0.31410000000E+05,0.99600456621E-03,0.16000000000E-03,0.55499993338E-08,0.17432547907E-03
 0.31500000000E+05,0.99885844749E-03,0.16000000000E-03,0.55499993338E-08,0.17482497901E-03
 0.31590000000E+05,0.10017123288E-02,0.16000000000E-03,0.55499993338E-08,0.17532447895E-03
 0.31680000000E+05,0.10045662100E-02,0.16000000000E-03,0.55499993338E-08,0.17582397889E-03
 0.31770000000E+05,0.10074200913E-02,0.16000000000E-03,0.55499993338E-08,0.17632347883E-03
 0.31860000000E+05,0.10102739726E-02,0.16000000000E-03,0.55499993338E-08,0.17682297877E-03
 0.31950000000E+05,0.10131278539E-02,0.16000000000E-03,0.55499993338E-08,0.17732247871E-03
 0.32040000000E+05,0.10159817352E-02,0.16000000000E-03,0.55499993338E-08,0.17782197865E-03
 0.32130000000E+05,0.10188356164E-02,0.16000000000E-03,0.55499993338E-08,0.17832147859E-03
 0.32220000000E+05,0.10216894977E-02,0.16000000000E-03,0.55499993338E-08,0.17882097853E-03
 0.32310000000E+05,0.10245433790E-02,0.16000000000E-03,0.55499993338E-08,0.17932047847E-03
 0.32400000000E+05,0.10273972603E-02,0.16000000000E-03,0.55499993338E-08,0.17981997841E-03
 0.32490000000E+05,0.10302511416E-02,0.16000000000E-03,0.55499993338E-08,0.18031947835E-03
 0.32580000000E+05,0.10331050228E-02,0.16000000000E-03,0.55499993338E-08,0.18081897829E-03
 0.32670000000E+05,0.10359589041E-02,0.16000000000E-03,0.55499993338E-08,0.18131847823E-03
 0.32760000000E+05,0.10388127854E-02,0.16000000000E-03,0.55499993338E-08,0.18181797817E-03
 0.32850000000E+05,0.10416666667E-02,0.16000000000E-03,0.55499993338E-08,0.18231747811E-03
 0.32940000000E+05,0.10445205479E-02,0.16000000000E-03,0.55499993338E-08,0.18281697805E-03
 0.33030000000E+05,0.10473744292E-02,0.16000000000E-03,0.55499993338E-08,0.18331647799E-03
 0.33120000000E+05,0.10502283105E-02,0.16000000000E-03,0.55499993338E-08,0.18381597793E-03
 0.33210000000E+05,0.10530821918E-02,0.16000000000E-03,0.55499993338E-08,0.18431547787E-03
 0.33300000000E+05,0.10559360731E-02,0.16000000000E-03,0.55499993338E-08,0.18481497781E-03
 0.33390000000E+05,0.10587899543E-02,0.16000000000E-03,0.55499993338E-08,0.18531447775E-03
 0.33480000000E+05,0.10616438356E-02,0.16000000000E-03,0.55499993338E-08,0.18581397769E-03
 0.33570000000E+05,0.10644977169E-02,0.16000000000E-03,0.55499993338E-08,0.18631347763E-03
 0.33660000000E+05,0.10673515982E-02,0.16000000000E-03,0.55499993338E-08,0.18681297757E-03
 0.33750000000E+05,0.10702054795E-02,0.16000000000E-03,0.55499993338E-08,0.18731247751E-03
 0.33840000000E+05,0.10730593607E-02,0.16000000000E-03,0.55499993338E-08,0.18781197745E-03
 0.33930000000E+05,0.10759132420E-02,0.16000000000E-03,0.55499993338E-08,0.18831147739E-03
 0.34020000000E+05,0.10787671233E-02,0.16000000000E-03,0.55499993338E-08,0.18881097733E-03
 0.34110000000E+05,0.10816210046E-02,0.16000000000E-03,0.55499993338E-08,0.18931047727E-03
 0.34200000000E+05,0.10844748858E-02,0.16000000000E-03,0.55499993338E-08,0.18980997721E-03
 0.34290000000E+05,0.10873287671E-02,0.16000000000E-03,0.55499993338E-08,0.19030947715E-03
 0.34380000000E+05,0.10901826484E-02,0.16000000000E-03,0.55499993338E-08,0.19080897709E-03
 0.34470000000E+05,0.10930365297E-02,0.16000000000E-03,0.55499993338E-08,0.19130847703E-03
 0.34560000000E+05,0.10958904110E-02,0.16000000000E-03,0.55499993338E-08,0.19180797697E-03
 0.34650000000E+05,0.10987442922E-02,0.16000000000E-03,0.55499993338E-08,0.19230747691E-03
 0.34740000000E+05,0.11015981735E-02,0.16000000000E-03,0.55499993338E-08,0.19280697685E-03
 0.34830000000E+05,0.11044520548E-02,0.16000000000E-03,0.55499993338E-08,0.19330647679E-03
 0.34920000000E+05,0.11073059361E-02,0.16000000000E-03,0.55499993338E-08,0.19380597673E-03
 0.35010000000E+05,0.11101598174E-02,0.16000000000E-03,0.55499993338E-08,0.19430547667E-03
 0.35100000000E+05,0.11130136986E-02,0.16000000000E-03,0.55499993338E-08,0.19480497661E-03
 0.35190000000E+05,0.11158675799E-02,0.16000000000E-03,0.55499993338E-08,0.19530447656E-03
 0.35280000000E+05,0.11187214612E-02,0.16000000000E-03,0.55499993338E-08,0.19580397650E-03
 0.35370000000E+05,0.11215753425E-02,0.16000000000E-03,0.55499993338E-08,0.19630347644E-03
 0.35460000000E+05,0.11244292237E-02,0.16000000000E-03,0.55499993338E-08,0.19680297638E-03
 0.35550000000E+05,0.11272831050E-02,0.16000000000E-03,0.55499993338E-08,0.19730247632E-03
 0.35640000000E+05,0.11301369863E-02,0.16000000000E-03,0.55499993338E-08,0.19780197626E-03
 0.35730000000E+05,0.11329908676E-02,0.16000000000E-03,0.55499993338E-08,0.19830147620E-03
 0.35820000000E+05,0.11358447489E-02,0.16000000000E-03,0.55499993338E-08,0.19880097614E-03
 0.35910000000E+05,0.11386986301E-02,0.16000000000E-03,0.55499993338E-08,0.19930047608E-03
 0.36000000000E+05,0.11415525114E-02,0.16000000000E-03,0.55499993338E-08,0.19979997602E-03
 0.36090000000E+05,0.11444063927E-02,0.16000000000E-03,0.55499993338E-08,0.20029947596E-03
 0.36180000000E+05,0.11472602740E-02,0.16000000000E-03,0.55499993338E-08,0.20079897590E-03
 0.36270000000E+05,0.11501141553E-02,0.16000000000E-03,0.55499993338E-08,0.20129847584E-03
 0.36360000000E+05,0.11529680365E-02,0.16000000000E-03,0.55499993338E-08,0.20179797578E-03
 0.36450000000E+05,0.11558219178E-02,0.16000000000E-03,0.55499993338E-08,0.20229747572E-03
 0.36540000000E+05,0.11586757991E-02,0.16000000000E-03,0.55499993338E-08,0.20279697566E-03
 0.36630000000E+05,0.11615296804E-02,0.16000000000E-03,0.55499993338E-08,0.20329647560E-03
 0.36720000000E+05,0.11643835616E-02,0.16000000000E-03,0.55499993338E-08,0.20379597554E-03
 0.36810000000E+05,0.11672374429E-02,0.16000000000E-03,0.55499993338E-08,0.20429547548E-03
 0.36900000000E+05,0.11700913242E-02,0.16000000000E-03,0.55499993338E-08,0.20479497542E-03
 0.36990000000E+05,0.11729452055E-02,0.16000000000E-03,0.55499993338E-08,0.20529447536E-03
 0.37080000000E+05,0.11757990868E-02,0.16000000000E-03,0.55499993338E-08,0.20579397530E-03
 0.37170000000E+05,0.11786529680E-02,0.16000000000E-03,0.55499993338E-08,0.20629347524E-03
 0.37260000000E+05,0.11815068493E-02,0.16000000000E-03,0.55499993338E-08,0.20679297518E-03
 0.37350000000E+05,0.11843607306E-02,0.16000000000E-03,0.55499993338E-08,0.20729247512E-03
 0.37440000000E+05,0.11872146119E-02,0.16000000000E-03,0.55499993338E-08,0.20779197506E-03
 0.37530000000E+05,0.11900684932E-02,0.16000000000E-03,0.55499993338E-08,0.20829147500E-03
 0.37620000000E+05,0.11929223744E-02,0.16000000000E-03,0.55499993338E-08,0.20879097494E-03
 0.37710000000E+05,0.11957762557E-02,0.16000000000E-03,0.55499993338E-08,0.20929047488E-03
 0.37800000000E+05,0.11986301370E-02,0.16000000000E-03,0.55499993338E-08,0.20978997482E-03
 0.37890000000E+05,0.12014840183E-02,0.16000000000E-03,0.55499993338E-08,0.21028947476E-03
 0.37980000000E+05,0.12043378995E-02,0.16000000000E-03,0.55499993338E-08,0.21078897470E-03
 0.38070000000E+05,0.12071917808E-02,0.16000000000E-03,0.55499993338E-08,0.21128847464E-03
 0.38160000000E+05,0.12100456621E-02,0.16000000000E-03,0.55499993338E-08,0.21178797458E-03
 0.38250000000E+05,0.12128995434E-02,0.16000000000E-03,0.55499993338E-08,0.21228747452E-03
 0.38340000000E+05,0.12157534247E-02,0.16000000000E-03,0.55499993338E-08,0.21278697446E-03
 0.38430000000E+05,0.12186073059E-02,0.16000000000E-03,0.55499993338E-08,0.21328647440E-03
 0.38520000000E+05,0.12214611872E-02,0.16000000000E-03,0.55499993338E-08,0.21378597434E-03
 0.38610000000E+05,0.12243150685E-02,0.16000000000E-03,0.55499993338E-08,0.21428547428E-03
 0.38700000000E+05,0.12271689498E-02,0.16000000000E-03,0.55499993338E-08,0.21478497422E-03
 0.38790000000E+05,0.12300228311E-02,0.16000000000E-03,0.55499993338E-08,0.21528447416E-03
 0.38880000000E+05,0.12328767123E-02,0.16000000000E-03,0.55499993338E-08,0.21578397410E-03
 0.38970000000E+05,0.12357305936E-02,0.16000000000E-03,0.55499993338E-08,0.21628347404E-03
 0.39060000000E+05,0.12385844749E-02,0.16000000000E-03,0.55499993338E-08,0.21678297398E-03
 0.39150000000E+05,0.12414383562E-02,0.16000000000E-03,0.55499993338E-08,0.21728247392E-03
 0.39240000000E+05,0.12442922374E-02,0.16000000000E-03,0.55499993338E-08,0.21778197386E-03
 0.39330000000E+05,0.12471461187E-02,0.16000000000E-03,0.55499993338E-08,0.21828147380E-03
 0.39420000000E+05,0.12500000000E-02,0.16000000000E-03,0.55499993338E-08,0.21878097374E-03
 0.39510000000E+05,0.12528538813E-02,0.16000000000E-03,0.55499993338E-08,0.21928047368E-03
 0.39600000000E+05,0.12557077626E-02,0.16000000000E-03,0.55499993338E-08,0.21977997362E-03
 0.39690000000E+05,0.12585616438E-02,0.16000000000E-03,0.55499993338E-08,0.22027947356E-03
 0.39780000000E+05,0.12614155251E-02,0.16000000000E-03,0.55499993338E-08,0.22077897350E-03
 0.39870000000E+05,0.12642694064E-02,0.16000000000E-03,0.55499993338E-08,0.22127847344E-03
 0.39960000000E+05,0.12671232877E-02,0.16000000000E-03,0.55499993338E-08,0.22177797338E-03
 0.40050000000E+05,0.12699771689E-02,0.16000000000E-03,0.55499993338E-08,0.22227747332E-03
 0.40140000000E+05,0.12728310502E-02,0.16000000000E-03,0.55499993338E-08,0.22277697326E-03
 0.40230000000E+05,0.12756849315E-02,0.16000000000E-03,0.55499993338E-08,0.22327647320E-03
 0.40320000000E+05,0.12785388128E-02,0.16000000000E-03,0.55499993338E-08,0.22377597314E-03
 0.40410000000E+05,0.12813926941E-02,0.16000000000E-03,0.55499993338E-08,0.22427547308E-03
 0.40500000000E+05,0.12842465753E-02,0.16000000000E-03,0.55499993338E-08,0.22477497302E-03
 0.40590000000E+05,0.12871004566E-02,0.16000000000E-03,0.55499993338E-08,0.22527447296E-03
 0.40680000000E+05,0.12899543379E-02,0.16000000000E-03,0.55499993338E-08,0.22577397290E-03
 0.40770000000E+05,0.12928082192E-02,0.16000000000E-03,0.55499993338E-08,0.22627347284E-03
 0.40860000000E+05,0.12956621005E-02,0.16000000000E-03,0.55499993338E-08,0.22677297278E-03
 0.40950000000E+05,0.12985159817E-02,0.16000000000E-03,0.55499993338E-08,0.22727247272E-03
 0.41040000000E+05,0.13013698630E-02,0.16000000000E-03,0.55499993338E-08,0.22777197266E-03
 0.41130000000E+05,0.13042237443E-02,0.16000000000E-03,0.55499993338E-08,0.22827147260E-03
 0.41220000000E+05,0.13070776256E-02,0.16000000000E-03,0.55499993338E-08,0.22877097254E-03
 0.41310000000E+05,0.13099315068E-02,0.16000000000E-03,0.55499993338E-08,0.22927047248E-03
 0.41400000000E+05,0.13127853881E-02,0.16000000000E-03,0.55499993338E-08,0.22976997242E-03
 0.41490000000E+05,0.13156392694E-02,0.16000000000E-03,0.55499993338E-08,0.23026947236E-03
 0.41580000000E+05,0.13184931507E-02,0.16000000000E-03,0.55499993338E-08,0.23076897230E-03
 0.41670000000E+05,0.13213470320E-02,0.16000000000E-03,0.55499993338E-08,0.23126847224E-03
 0.41760000000E+05,0.13242009132E-02,0.16000000000E-03,0.55499993338E-08,0.23176797218E-03
 0.41850000000E+05,0.13270547945E-02,0.16000000000E-03,0.55499993338E-08,0.23226747212E-03
 0.41940000000E+05,0.13299086758E-02,0.16000000000E-03,0.55499993338E-08,0.23276697206E-03
 0.42030000000E+05,0.13327625571E-02,0.16000000000E-03,0.55499993338E-08,0.23326647200E-03
 0.42120000000E+05,0.13356164384E-02,0.16000000000E-03,0.55499993338E-08,0.23376597194E-03
 0.42210000000E+05,0.13384703196E-02,0.16000000000E-03,0.55499993338E-08,0.23426547188E-03
 0.42300000000E+05,0.13413242009E-02,0.16000000000E-03,0.55499993338E-08,0.23476497182E-03
 0.42390000000E+05,0.13441780822E-02,0.16000000000E-03,0.55499993338E-08,0.23526447176E-03
 0.42480000000E+05,0.13470319635E-02,0.16000000000E-03,0.55499993338E-08,0.23576397170E-03
 0.42570000000E+05,0.13498858447E-02,0.16000000000E-03,0.55499993338E-08,0.23626347164E-03
 0.42660000000E+05,0.13527397260E-02,0.16000000000E-03,0.55499993338E-08,0.23676297158E-03
 0.42750000000E+05,0.13555936073E-02,0.16000000000E-03,0.55499993338E-08,0.23726247152E-03
 0.42840000000E+05,0.13584474886E-02,0.16000000000E-03,0.55499993338E-08,0.23776197146E-03
 0.42930000000E+05,0.13613013699E-02,0.16000000000E-03,0.55499993338E-08,0.23826147140E-03
 0.43020000000E+05,0.13641552511E-02,0.16000000000E-03,0.55499993338E-08,0.23876097134E-03
 0.43110000000E+05,0.13670091324E-02,0.16000000000E-03,0.55499993338E-08,0.23926047128E-03
 0.43200000000E+05,0.13698630137E-02,0.16000000000E-03,0.55499993338E-08,0.23975997122E-03
 0.43290000000E+05,0.13727168950E-02,0.16000000000E-03,0.55499993338E-08,0.24025947116E-03
 0.43380000000E+05,0.13755707763E-02,0.16000000000E-03,0.55499993338E-08,0.24075897110E-03
 0.43470000000E+05,0.13784246575E-02,0.16000000000E-03,0.55499993338E-08,0.24125847104E-03
 0.43560000000E+05,0.13812785388E-02,0.16000000000E-03,0.55499993338E-08,0.24175797098E-03
 0.43650000000E+05,0.13841324201E-02,0.16000000000E-03,0.55499993338E-08,0.24225747092E-03
 0.43740000000E+05,0.13869863014E-02,0.16000000000E-03,0.55499993338E-08,0.24275697086E-03
 0.43830000000E+05,0.13898401826E-02,0.16000000000E-03,0.55499993338E-08,0.24325647080E-03
 0.43920000000E+05,0.13926940639E-02,0.16000000000E-03,0.55499993338E-08,0.24375597074E-03
 0.44010000000E+05,0.13955479452E-02,0.16000000000E-03,0.55499993338E-08,0.24425547068E-03
 0.44100000000E+05,0.13984018265E-02,0.16000000000E-03,0.55499993338E-08,0.24475497062E-03
 0.44190000000E+05,0.14012557078E-02,0.16000000000E-03,0.55499993338E-08,0.24525447056E-03
 0.44280000000E+05,0.14041095890E-02,0.16000000000E-03,0.55499993338E-08,0.24575397050E-03
 0.44370000000E+05,0.14069634703E-02,0.16000000000E-03,0.55499993338E-08,0.24625347044E-03
 0.44460000000E+05,0.14098173516E-02,0.16000000000E-03,0.55499993338E-08,0.24675297038E-03
 0.44550000000E+05,0.14126712329E-02,0.16000000000E-03,0.55499993338E-08,0.24725247032E-03
 0.44640000000E+05,0.14155251142E-02,0.16000000000E-03,0.55499993338E-08,0.24775197026E-03
 0.44730000000E+05,0.14183789954E-02,0.16000000000E-03,0.55499993338E-08,0.24825147020E-03
 0.44820000000E+05,0.14212328767E-02,0.16000000000E-03,0.55499993338E-08,0.24875097014E-03
 0.44910000000E+05,0.14240867580E-02,0.16000000000E-03,0.55499993338E-08,0.24925047008E-03
 0.45000000000E+05,0.14269406393E-02,0.16000000000E-03,0.55499993338E-08,0.24974997002E-03
 0.45090000000E+05,0.14297945205E-02,0.16000000000E-03,0.55499993338E-08,0.25024946996E-03
 0.45180000000E+05,0.14326484018E-02,0.16000000000E-03,0.55499993338E-08,0.25074896990E-03
 0.45270000000E+05,0.14355022831E-02,0.16000000000E-03,0.55499993338E-08,0.25124846984E-03
 0.45360000000E+05,0.14383561644E-02,0.16000000000E-03,0.55499993338E-08,0.25174796978E-03
 0.45450000000E+05,0.14412100457E-02,0.16000000000E-03,0.55499993338E-08,0.25224746972E-03
 0.45540000000E+05,0.14440639269E-02,0.16000000000E-03,0.55499993338E-08,0.25274696966E-03
 0.45630000000E+05,0.14469178082E-02,0.16000000000E-03,0.55499993338E-08,0.25324646960E-03
 0.45720000000E+05,0.14497716895E-02,0.16000000000E-03,0.55499993338E-08,0.25374596954E-03
 0.45810000000E+05,0.14526255708E-02,0.16000000000E-03,0.55499993338E-08,0.25424546948E-03
 0.45900000000E+05,0.14554794521E-02,0.16000000000E-03,0.55499993338E-08,0.25474496942E-03
 0.45990000000E+05,0.14583333333E-02,0.16000000000E-03,0.55499993338E-08,0.25524446936E-03
 0.46080000000E+05,0.14611872146E-02,0.16000000000E-03,0.55499993338E-08,0.25574396930E-03
 0.46170000000E+05,0.14640410959E-02,0.16000000000E-03,0.55499993338E-08,0.25624346924E-03
 0.46260000000E+05,0.14668949772E-02,0.16000000000E-03,0.55499993338E-08,0.25674296918E-03
 0.46350000000E+05,0.14697488584E-02,0.16000000000E-03,0.55499993338E-08,0.25724246912E-03
 0.46440000000E+05,0.14726027397E-02,0.16000000000E-03,0.55499993338E-08,0.25774196906E-03
 0.46530000000E+05,0.14754566210E-02,0.16000000000E-03,0.55499993338E-08,0.25824146900E-03
 0.46620000000E+05,0.14783105023E-02,0.16000000000E-03,0.55499993338E-08,0.25874096894E-03
 0.46710000000E+05,0.14811643836E-02,0.16000000000E-03,0.55499993338E-08,0.25924046888E-03
 0.46800000000E+05,0.14840182648E-02,0.16000000000E-03,0.55499993338E-08,0.25973996882E-03
 0.46890000000E+05,0.14868721461E-02,0.16000000000E-03,0.55499993338E-08,0.26023946876E-03
 0.46980000000E+05,0.14897260274E-02,0.16000000000E-03,0.55499993338E-08,0.26073896870E-03
 0.47070000000E+05,0.14925799087E-02,0.16000000000E-03,0.55499993338E-08,0.26123846864E-03
 0.47160000000E+05,0.14954337900E-02,0.16000000000E-03,0.55499993338E-08,0.26173796858E-03
 0.47250000000E+05,0.14982876712E-02,0.16000000000E-03,0.55499993338E-08,0.26223746852E-03
 0.47340000000E+05,0.15011415525E-02,0.16000000000E-03,0.55499993338E-08,0.26273696846E-03
 0.47430000000E+05,0.15039954338E-02,0.16000000000E-03,0.55499993338E-08,0.26323646840E-03
 0.47520000000E+05,0.15068493151E-02,0.16000000000E-03,0.55499993338E-08,0.26373596834E-03
 0.47610000000E+05,0.15097031963E-02,0.16000000000E-03,0.55499993338E-08,0.26423546828E-03
 0.47700000000E+05,0.15125570776E-02,0.16000000000E-03,0.55499993338E-08,0.26473496822E-03
 0.47790000000E+05,0.15154109589E-02,0.16000000000E-03,0.55499993338E-08,0.26523446816E-03
 0.47880000000E+05,0.15182648402E-02,0.16000000000E-03,0.55499993338E-08,0.26573396810E-03
 0.47970000000E+05,0.15211187215E-02,0.16000000000E-03,0.55499993338E-08,0.26623346804E-03
 0.48060000000E+05,0.15239726027E-02,0.16000000000E-03,0.55499993338E-08,0.26673296798E-03
 0.48150000000E+05,0.15268264840E-02,0.16000000000E-03,0.55499993338E-08,0.26723246792E-03
 0.48240000000E+05,0.15296803653E-02,0.16000000000E-03,0.55499993338E-08,0.26773196786E-03
 0.48330000000E+05,0.15325342466E-02,0.16000000000E-03,0.55499993338E-08,0.26823146780E-03
 0.48420000000E+05,0.15353881279E-02,0.16000000000E-03,0.55499993338E-08,0.26873096774E-03
 0.48510000000E+05,0.15382420091E-02,0.16000000000E-03,0.55499993338E-08,0.26923046768E-03
 0.48600000000E+05,0.15410958904E-02,0.16000000000E-03,0.55499993338E-08,0.26972996762E-03
 0.48690000000E+05,0.15439497717E-02,0.16000000000E-03,0.55499993338E-08,0.27022946756E-03
 0.48780000000E+05,0.15468036530E-02,0.16000000000E-03,0.55499993338E-08,0.27072896750E-03
 0.48870000000E+05,0.15496575342E-02,0.16000000000E-03,0.55499993338E-08,0.27122846744E-03
 0.48960000000E+05,0.15525114155E-02,0.16000000000E-03,0.55499993338E-08,0.27172796738E-03
 0.49050000000E+05,0.15553652968E-02,0.16000000000E-03,0.55499993338E-08,0.27222746732E-03
 0.49140000000E+05,0.15582191781E-02,0.16000000000E-03,0.55499993338E-08,0.27272696726E-03
 0.49230000000E+05,0.15610730594E-02,0.16000000000E-03,0.55499993338E-08,0.27322646720E-03
 0.49320000000E+05,0.15639269406E-02,0.16000000000E-03,0.55499993338E-08,0.27372596714E-03
 0.49410000000E+05,0.15667808219E-02,0.16000000000E-03,0.55499993338E-08,0.27422546708E-03
 0.49500000000E+05,0.15696347032E-02,0.16000000000E-03,0.55499993338E-08,0.27472496702E-03
 0.49590000000E+05,0.15724885845E-02,0.16000000000E-03,0.55499993338E-08,0.27522446696E-03
 0.49680000000E+05,0.15753424658E-02,0.16000000000E-03,0.55499993338E-08,0.27572396690E-03
 0.49770000000E+05,0.15781963470E-02,0.16000000000E-03,0.55499993338E-08,0.27622346684E-03
 0.49860000000E+05,0.15810502283E-02,0.16000000000E-03,0.55499993338E-08,0.27672296678E-03
 0.49950000000E+05,0.15839041096E-02,0.16000000000E-03,0.55499993338E-08,0.27722246672E-03
 0.50040000000E+05,0.15867579909E-02,0.16000000000E-03,0.55499993338E-08,0.27772196666E-03
 0.50130000000E+05,0.15896118721E-02,0.16000000000E-03,0.55499993338E-08,0.27822146660E-03
 0.50220000000E+05,0.15924657534E-02,0.16000000000E-03,0.55499993338E-08,0.27872096654E-03
 0.50310000000E+05,0.15953196347E-02,0.16000000000E-03,0.55499993338E-08,0.27922046648E-03
 0.50400000000E+05,0.15981735160E-02,0.16000000000E-03,0.55499993338E-08,0.27971996642E-03
 0.50490000000E+05,0.16010273973E-02,0.16000000000E-03,0.55499993338E-08,0.28021946636E-03
 0.50580000000E+05,0.16038812785E-02,0.16000000000E-03,0.55499993338E-08,0.28071896630E-03
 0.50670000000E+05,0.16067351598E-02,0.16000000000E-03,0.55499993338E-08,0.28121846624E-03
 0.50760000000E+05,0.16095890411E-02,0.16000000000E-03,0.55499993338E-08,0.28171796618E-03
 0.50850000000E+05,0.16124429224E-02,0.16000000000E-03,0.55499993338E-08,0.28221746612E-03
 0.50940000000E+05,0.16152968037E-02,0.16000000000E-03,0.55499993338E-08,0.28271696606E-03
 0.51030000000E+05,0.16181506849E-02,0.16000000000E-03,0.55499993338E-08,0.28321646600E-03
 0.51120000000E+05,0.16210045662E-02,0.16000000000E-03,0.55499993338E-08,0.28371596594E-03
 0.51210000000E+05,0.16238584475E-02,0.16000000000E-03,0.55499993338E-08,0.28421546588E-03
 0.51300000000E+05,0.16267123288E-02,0.16000000000E-03,0.55499993338E-08,0.28471496582E-03
 0.51390000000E+05,0.16295662100E-02,0.16000000000E-03,0.55499993338E-08,0.28521446576E-03
 0.51480000000E+05,0.16324200913E-02,0.16000000000E-03,0.55499993338E-08,0.28571396570E-03
 0.51570000000E+05,0.16352739726E-02,0.16000000000E-03,0.55499993338E-08,0.28621346564E-03
 0.51660000000E+05,0.16381278539E-02,0.16000000000E-03,0.55499993338E-08,0.28671296558E-03
 0.51750000000E+05,0.16409817352E-02,0.16000000000E-03,0.55499993338E-08,0.28721246552E-03
 0.51840000000E+05,0.16438356164E-02,0.16000000000E-03,0.55499993338E-08,0.28771196546E-03
 0.51930000000E+05,0.16466894977E-02,0.16000000000E-03,0.55499993338E-08,0.28821146540E-03
 0.52020000000E+05,0.16495433790E-02,0.16000000000E-03,0.55499993338E-08,0.28871096534E-03
 0.52110000000E+05,0.16523972603E-02,0.16000000000E-03,0.55499993338E-08,0.28921046528E-03
 0.52200000000E+05,0.16552511416E-02,0.16000000000E-03,0.55499993338E-08,0.28970996522E-03
 0.52290000000E+05,0.16581050228E-02,0.16000000000E-03,0.55499993338E-08,0.29020946516E-03
 0.52380000000E+05,0.16609589041E-02,0.16000000000E-03,0.55499993338E-08,0.29070896510E-03
 0.52470000000E+05,0.16638127854E-02,0.16000000000E-03,0.55499993338E-08,0.29120846504E-03
 0.52560000000E+05,0.16666666667E-02,0.16000000000E-03,0.55499993338E-08,0.29170796498E-03
 0.52650000000E+05,0.16695205479E-02,0.16000000000E-03,0.55499993338E-08,0.29220746492E-03
 0.52740000000E+05,0.16723744292E-02,0.16000000000E-03,0.55499993338E-08,0.29270696486E-03
 0.52830000000E+05,0.16752283105E-02,0.16000000000E-03,0.55499993338E-08,0.29320646480E-03
 0.52920000000E+05,0.16780821918E-02,0.16000000000E-03,0.55499993338E-08,0.29370596474E-03
 0.53010000000E+05,0.16809360731E-02,0.16000000000E-03,0.55499993338E-08,0.29420546468E-03
 0.53100000000E+05,0.16837899543E-02,0.16000000000E-03,0.55499993338E-08,0.29470496462E-03
 0.53190000000E+05,0.16866438356E-02,0.16000000000E-03,0.55499993338E-08,0.29520446456E-03
 0.53280000000E+05,0.16894977169E-02,0.16000000000E-03,0.55499993338E-08,0.29570396450E-03
 0.53370000000E+05,0.16923515982E-02,0.16000000000E-03,0.55499993338E-08,0.29620346444E-03
 0.53460000000E+05,0.16952054795E-02,0.16000000000E-03,0.55499993338E-08,0.29670296438E-03
 0.53550000000E+05,0.16980593607E-02,0.16000000000E-03,0.55499993338E-08,0.29720246432E-03
 0.53640000000E+05,0.17009132420E-02,0.16000000000E-03,0.55499993338E-08,0.29770196426E-03
 0.53730000000E+05,0.17037671233E-02,0.16000000000E-03,0.55499993338E-08,0.29820146420E-03
 0.53820000000E+05,0.17066210046E-02,0.16000000000E-03,0.55499993338E-08,0.29870096414E-03
 0.53910000000E+05,0.17094748858E-02,0.16000000000E-03,0.55499993338E-08,0.29920046408E-03
 0.54000000000E+05,0.17123287671E-02,0.16000000000E-03,0.55499993338E-08,0.29969996402E-03
 0.54090000000E+05,0.17151826484E-02,0.16000000000E-03,0.55499993338E-08,0.30019946396E-03
 0.54180000000E+05,0.17180365297E-02,0.16000000000E-03,0.55499993338E-08,0.30069896390E-03
 0.54270000000E+05,0.17208904110E-02,0.16000000000E-03,0.55499993338E-08,0.30119846384E-03
 0.54360000000E+05,0.17237442922E-02,0.16000000000E-03,0.55499993338E-08,0.30169796378E-03
 0.54450000000E+05,0.17265981735E-02,0.16000000000E-03,0.55499993338E-08,0.30219746372E-03
 0.54540000000E+05,0.17294520548E-02,0.16000000000E-03,0.55499993338E-08,0.30269696366E-03
 0.54630000000E+05,0.17323059361E-02,0.16000000000E-03,0.55499993338E-08,0.30319646360E-03
 0.54720000000E+05,0.17351598174E-02,0.16000000000E-03,0.55499993338E-08,0.30369596354E-03
 0.54810000000E+05,0.17380136986E-02,0.16000000000E-03,0.55499993338E-08,0.30419546348E-03
 0.54900000000E+05,0.17408675799E-02,0.16000000000E-03,0.55499993338E-08,0.30469496342E-03
 0.54990000000E+05,0.17437214612E-02,0.16000000000E-03,0.55499993338E-08,0.30519446336E-03
 0.55080000000E+05,0.17465753425E-02,0.16000000000E-03,0.55499993338E-08,0.30569396330E-03
 0.55170000000E+05,0.17494292237E-02,0.16000000000E-03,0.55499993338E-08,0.30619346324E-03
 0.55260000000E+05,0.17522831050E-02,0.16000000000E-03,0.55499993338E-08,0.30669296318E-03
 0.55350000000E+05,0.17551369863E-02,0.16000000000E-03,0.55499993338E-08,0.30719246312E-03
 0.55440000000E+05,0.17579908676E-02,0.16000000000E-03,0.55499993338E-08,0.30769196306E-03
 0.55530000000E+05,0.17608447489E-02,0.16000000000E-03,0.55499993338E-08,0.30819146300E-03
 0.55620000000E+05,0.17636986301E-02,0.16000000000E-03,0.55499993338E-08,0.30869096294E-03
 0.55710000000E+05,0.17665525114E-02,0.16000000000E-03,0.55499993338E-08,0.30919046288E-03
 0.55800000000E+05,0.17694063927E-02,0.16000000000E-03,0.55499993338E-08,0.30968996282E-03
 0.55890000000E+05,0.17722602740E-02,0.16000000000E-03,0.55499993338E-08,0.31018946276E-03
 0.55980000000E+05,0.17751141553E-02,0.16000000000E-03,0.55499993338E-08,0.31068896270E-03
 0.56070000000E+05,0.17779680365E-02,0.16000000000E-03,0.55499993338E-08,0.31118846264E-03
 0.56160000000E+05,0.17808219178E-02,0.16000000000E-03,0.55499993338E-08,0.31168796258E-03
 0.56250000000E+05,0.17836757991E-02,0.16000000000E-03,0.55499993338E-08,0.31218746252E-03
 0.56340000000E+05,0.17865296804E-02,0.16000000000E-03,0.55499993338E-08,0.31268696246E-03
 0.56430000000E+05,0.17893835616E-02,0.16000000000E-03,0.55499993338E-08,0.31318646240E-03
 0.56520000000E+05,0.17922374429E-02,0.16000000000E-03,0.55499993338E-08,0.31368596234E-03
 0.56610000000E+05,0.17950913242E-02,0.16000000000E-03,0.55499993338E-08,0.31418546228E-03
 0.56700000000E+05,0.17979452055E-02,0.16000000000E-03,0.55499993338E-08,0.31468496222E-03
 0.56790000000E+05,0.18007990868E-02,0.16000000000E-03,0.55499993338E-08,0.31518446216E-03
 0.56880000000E+05,0.18036529680E-02,0.16000000000E-03,0.55499993338E-08,0.31568396210E-03
 0.56970000000E+05,0.18065068493E-02,0.16000000000E-03,0.55499993338E-08,0.31618346204E-03
 0.57060000000E+05,0.18093607306E-02,0.16000000000E-03,0.55499993338E-08,0.31668296198E-03
 0.57150000000E+05,0.18122146119E-02,0.16000000000E-03,0.55499993338E-08,0.31718246192E-03
 0.57240000000E+05,0.18150684932E-02,0.16000000000E-03,0.55499993338E-08,0.31768196186E-03
 0.57330000000E+05,0.18179223744E-02,0.16000000000E-03,0.55499993338E-08,0.31818146180E-03
 0.57420000000E+05,0.18207762557E-02,0.16000000000E-03,0.55499993338E-08,0.31868096174E-03
 0.57510000000E+05,0.18236301370E-02,0.16000000000E-03,0.55499993338E-08,0.31918046168E-03
 0.57600000000E+05,0.18264840183E-02,0.16000000000E-03,0.55499993338E-08,0.31967996162E-03
 0.57690000000E+05,0.18293378995E-02,0.16000000000E-03,0.55499993338E-08,0.32017946156E-03
 0.57780000000E+05,0.18321917808E-02,0.16000000000E-03,0.55499993338E-08,0.32067896150E-03
 0.57870000000E+05,0.18350456621E-02,0.16000000000E-03,0.55499993338E-08,0.32117846144E-03
 0.57960000000E+05,0.18378995434E-02,0.16000000000E-03,0.55499993338E-08,0.32167796138E-03
 0.58050000000E+05,0.18407534247E-02,0.16000000000E-03,0.55499993338E-08,0.32217746132E-03
 0.58140000000E+05,0.18436073059E-02,0.16000000000E-03,0.55499993338E-08,0.32267696126E-03
 0.58230000000E+05,0.18464611872E-02,0.16000000000E-03,0.55499993338E-08,0.32317646120E-03
 0.58320000000E+05,0.18493150685E-02,0.16000000000E-03,0.55499993338E-08,0.32367596114E-03
 0.58410000000E+05,0.18521689498E-02,0.16000000000E-03,0.55499993338E-08,0.32417546108E-03
 0.58500000000E+05,0.18550228311E-02,0.16000000000E-03,0.55499993338E-08,0.32467496102E-03
 0.58590000000E+05,0.18578767123E-02,0.16000000000E-03,0.55499993338E-08,0.32517446096E-03
 0.58680000000E+05,0.18607305936E-02,0.16000000000E-03,0.55499993338E-08,0.32567396091E-03
 0.58770000000E+05,0.18635844749E-02,0.16000000000E-03,0.55499993338E-08,0.32617346085E-03
 0.58860000000E+05,0.18664383562E-02,0.16000000000E-03,0.55499993338E-08,0.32667296079E-03
 0.58950000000E+05,0.18692922374E-02,0.16000000000E-03,0.55499993338E-08,0.32717246073E-03
 0.59040000000E+05,0.18721461187E-02,0.16000000000E-03,0.55499993338E-08,0.32767196067E-03
 0.59130000000E+05,0.18750000000E-02,0.16000000000E-03,0.55499993338E-08,0.32817146061E-03
 0.59220000000E+05,0.18778538813E-02,0.16000000000E-03,0.55499993338E-08,0.32867096055E-03
 0.59310000000E+05,0.18807077626E-02,0.16000000000E-03,0.55499993338E-08,0.32917046049E-03
 0.59400000000E+05,0.18835616438E-02,0.16000000000E-03,0.55499993338E-08,0.32966996043E-03
 0.59490000000E+05,0.18864155251E-02,0.16000000000E-03,0.55499993338E-08,0.33016946037E-03
 0.59580000000E+05,0.18892694064E-02,0.16000000000E-03,0.55499993338E-08,0.33066896031E-03
 0.59670000000E+05,0.18921232877E-02,0.16000000000E-03,0.55499993338E-08,0.33116846025E-03
 0.59760000000E+05,0.18949771689E-02,0.16000000000E-03,0.55499993338E-08,0.33166796019E-03
 0.59850000000E+05,0.18978310502E-02,0.16000000000E-03,0.55499993338E-08,0.33216746013E-03
 0.59940000000E+05,0.19006849315E-02,0.16000000000E-03,0.55499993338E-08,0.33266696007E-03
 0.60030000000E+05,0.19035388128E-02,0.16000000000E-03,0.55499993338E-08,0.33316646001E-03
 0.60120000000E+05,0.19063926941E-02,0.16000000000E-03,0.55499993338E-08,0.33366595995E-03
 0.60210000000E+05,0.19092465753E-02,0.16000000000E-03,0.55499993338E-08,0.33416545989E-03
 0.60300000000E+05,0.19121004566E-02,0.16000000000E-03,0.55499993338E-08,0.33466495983E-03
 0.60390000000E+05,0.19149543379E-02,0.16000000000E-03,0.55499993338E-08,0.33516445977E-03
 0.60480000000E+05,0.19178082192E-02,0.16000000000E-03,0.55499993338E-08,0.33566395971E-03
 0.60570000000E+05,0.19206621005E-02,0.16000000000E-03,0.55499993338E-08,0.33616345965E-03
 0.60660000000E+05,0.19235159817E-02,0.16000000000E-03,0.55499993338E-08,0.33666295959E-03
 0.60750000000E+05,0.19263698630E-02,0.16000000000E-03,0.55499993338E-08,0.33716245953E-03
 0.60840000000E+05,0.19292237443E-02,0.16000000000E-03,0.55499993338E-08,0.33766195947E-03
 0.60930000000E+05,0.19320776256E-02,0.16000000000E-03,0.55499993338E-08,0.33816145941E-03
 0.61020000000E+05,0.19349315068E-02,0.16000000000E-03,0.55499993338E-08,0.33866095935E-03
 0.61110000000E+05,0.19377853881E-02,0.16000000000E-03,0.55499993338E-08,0.33916045929E-03
 0.61200000000E+05,0.19406392694E-02,0.16000000000E-03,0.55499993338E-08,0.33965995923E-03
 0.61290000000E+05,0.19434931507E-02,0.16000000000E-03,0.55499993338E-08,0.34015945917E-03
 0.61380000000E+05,0.19463470320E-02,0.16000000000E-03,0.55499993338E-08,0.34065895911E-03
 0.61470000000E+05,0.19492009132E-02,0.16000000000E-03,0.55499993338E-08,0.34115845905E-03
 0.61560000000E+05,0.19520547945E-02,0.16000000000E-03,0.55499993338E-08,0.34165795899E-03
 0.61650000000E+05,0.19549086758E-02,0.16000000000E-03,0.55499993338E-08,0.34215745893E-03
 0.61740000000E+05,0.19577625571E-02,0.16000000000E-03,0.55499993338E-08,0.34265695887E-03
 0.61830000000E+05,0.19606164384E-02,0.16000000000E-03,0.55499993338E-08,0.34315645881E-03
 0.61920000000E+05,0.19634703196E-02,0.16000000000E-03,0.55499993338E-08,0.34365595875E-03
 0.62010000000E+05,0.19663242009E-02,0.16000000000E-03,0.55499993338E-08,0.34415545869E-03
 0.62100000000E+05,0.19691780822E-02,0.16000000000E-03,0.55499993338E-08,0.34465495863E-03
 0.62190000000E+05,0.19720319635E-02,0.16000000000E-03,0.55499993338E-08,0.34515445857E-03
 0.62550000000E+05,0.19834474886E-02,0.16000000000E-03,0.55499993338E-08,0.34715245833E-03
 0.62640000000E+05,0.19863013699E-02,0.16000000000E-03,0.55499993338E-08,0.34765195827E-03
 0.62730000000E+05,0.19891552511E-02,0.16000000000E-03,0.55499993338E-08,0.34815145821E-03
 0.62820000000E+05,0.19920091324E-02,0.16000000000E-03,0.55499993338E-08,0.34865095815E-03
 0.62910000000E+05,0.19948630137E-02,0.16000000000E-03,0.55499993338E-08,0.34915045809E-03
 0.63000000000E+05,0.19977168950E-02,0.16000000000E-03,0.55499993338E-08,0.34964995803E-03
 0.63090000000E+05,0.20005707763E-02,0.16000000000E-03,0.55499993338E-08,0.35014945797E-03
 0.63180000000E+05,0.20034246575E-02,0.16000000000E-03,0.55499993338E-08,0.35064895791E-03
 0.63270000000E+05,0.20062785388E-02,0.16000000000E-03,0.55499993338E-08,0.35114845785E-03
 0.63360000000E+05,0.20091324201E-02,0.16000000000E-03,0.55499993338E-08,0.35164795779E-03
 0.63450000000E+05,0.20119863014E-02,0.16000000000E-03,0.55499993338E-08,0.35214745773E-03
 0.63540000000E+05,0.20148401826E-02,0.16000000000E-03,0.55499993338E-08,0.35264695767E-03
 0.63630000000E+05,0.20176940639E-02,0.16000000000E-03,0.55499993338E-08,0.35314645761E-03
 0.63720000000E+05,0.20205479452E-02,0.16000000000E-03,0.55499993338E-08,0.35364595755E-03
 0.63810000000E+05,0.20234018265E-02,0.16000000000E-03,0.55499993338E-08,0.35414545749E-03
 0.63900000000E+05,0.20262557078E-02,0.16000000000E-03,0.55499993338E-08,0.35464495743E-03
 0.63990000000E+05,0.20291095890E-02,0.16000000000E-03,0.55499993338E-08,0.35514445737E-03
 0.64080000000E+05,0.20319634703E-02,0.16000000000E-03,0.55499993338E-08,0.35564395731E-03
 0.64170000000E+05,0.20348173516E-02,0.16000000000E-03,0.55499993338E-08,0.35614345725E-03
 0.64260000000E+05,0.20376712329E-02,0.16000000000E-03,0.55499993338E-08,0.35664295719E-03
 0.64350000000E+05,0.20405251142E-02,0.16000000000E-03,0.55499993338E-08,0.35714245713E-03
 0.64440000000E+05,0.20433789954E-02,0.16000000000E-03,0.55499993338E-08,0.35764195707E-03
 0.64530000000E+05,0.20462328767E-02,0.16000000000E-03,0.55499993338E-08,0.35814145701E-03
 0.64620000000E+05,0.20490867580E-02,0.16000000000E-03,0.55499993338E-08,0.35864095695E-03
 0.64710000000E+05,0.20519406393E-02,0.16000000000E-03,0.55499993338E-08,0.35914045689E-03
 0.64800000000E+05,0.20547945205E-02,0.16000000000E-03,0.55499993338E-08,0.35963995683E-03
 0.64890000000E+05,0.20576484018E-02,0.16000000000E-03,0.55499993338E-08,0.36013945677E-03
 0.64980000000E+05,0.20605022831E-02,0.16000000000E-03,0.55499993338E-08,0.36063895671E-03
 0.65070000000E+05,0.20633561644E-02,0.16000000000E-03,0.55499993338E-08,0.36113845665E-03
 0.65160000000E+05,0.20662100457E-02,0.16000000000E-03,0.55499993338E-08,0.36163795659E-03
 0.65250000000E+05,0.20690639269E-02,0.16000000000E-03,0.55499993338E-08,0.36213745653E-03
 0.65340000000E+05,0.20719178082E-02,0.16000000000E-03,0.55499993338E-08,0.36263695647E-03
 0.65430000000E+05,0.20747716895E-02,0.16000000000E-03,0.55499993338E-08,0.36313645641E-03
 0.65520000000E+05,0.20776255708E-02,0.16000000000E-03,0.55499993338E-08,0.36363595635E-03
 0.65610000000E+05,0.20804794521E-02,0.16000000000E-03,0.55499993338E-08,0.36413545629E-03
 0.65700000000E+05,0.20833333333E-02,0.16000000000E-03,0.55499993338E-08,0.36463495623E-03
 0.65790000000E+05,0.20861872146E-02,0.16000000000E-03,0.55499993338E-08,0.36513445617E-03
 0.65880000000E+05,0.20890410959E-02,0.16000000000E-03,0.55499993338E-08,0.36563395611E-03
 0.65970000000E+05,0.20918949772E-02,0.16000000000E-03,0.55499993338E-08,0.36613345605E-03
 0.66060000000E+05,0.20947488584E-02,0.16000000000E-03,0.55499993338E-08,0.36663295599E-03
 0.66150000000E+05,0.20976027397E-02,0.16000000000E-03,0.55499993338E-08,0.36713245593E-03
 0.66240000000E+05,0.21004566210E-02,0.16000000000E-03,0.55499993338E-08,0.36763195587E-03
 0.66330000000E+05,0.21033105023E-02,0.16000000000E-03,0.55499993338E-08,0.36813145581E-03
 0.66420000000E+05,0.21061643836E-02,0.16000000000E-03,0.55499993338E-08,0.36863095575E-03
 0.66510000000E+05,0.21090182648E-02,0.16000000000E-03,0.55499993338E-08,0.36913045569E-03
 0.66600000000E+05,0.21118721461E-02,0.16000000000E-03,0.55499993338E-08,0.36962995563E-03
 0.66690000000E+05,0.21147260274E-02,0.16000000000E-03,0.55499993338E-08,0.37012945557E-03
 0.66780000000E+05,0.21175799087E-02,0.16000000000E-03,0.55499993338E-08,0.37062895551E-03
 0.66870000000E+05,0.21204337900E-02,0.16000000000E-03,0.55499993338E-08,0.37112845545E-03
 0.66960000000E+05,0.21232876712E-02,0.16000000000E-03,0.55499993338E-08,0.37162795539E-03
 0.67050000000E+05,0.21261415525E-02,0.16000000000E-03,0.55499993338E-08,0.37212745533E-03
 0.67140000000E+05,0.21289954338E-02,0.16000000000E-03,0.55499993338E-08,0.37262695527E-03
 0.67230000000E+05,0.21318493151E-02,0.16000000000E-03,0.55499993338E-08,0.37312645521E-03
 0.67320000000E+05,0.21347031963E-02,0.16000000000E-03,0.55499993338E-08,0.37362595515E-03
 0.67410000000E+05,0.21375570776E-02,0.16000000000E-03,0.55499993338E-08,0.37412545509E-03
 0.67500000000E+05,0.21404109589E-02,0.16000000000E-03,0.55499993338E-08,0.37462495503E-03
 0.67590000000E+05,0.21432648402E-02,0.16000000000E-03,0.55499993338E-08,0.37512445497E-03
 0.67680000000E+05,0.21461187215E-02,0.16000000000E-03,0.55499993338E-08,0.37562395491E-03
 0.67770000000E+05,0.21489726027E-02,0.16000000000E-03,0.55499993338E-08,0.37612345485E-03
 0.67860000000E+05,0.21518264840E-02,0.16000000000E-03,0.55499993338E-08,0.37662295479E-03
 0.67950000000E+05,0.21546803653E-02,0.16000000000E-03,0.55499993338E-08,0.37712245473E-03
 0.68040000000E+05,0.21575342466E-02,0.16000000000E-03,0.55499993338E-08,0.37762195467E-03
 0.68130000000E+05,0.21603881279E-02,0.16000000000E-03,0.55499993338E-08,0.37812145461E-03
 0.68220000000E+05,0.21632420091E-02,0.16000000000E-03,0.55499993338E-08,0.37862095455E-03
 0.68310000000E+05,0.21660958904E-02,0.16000000000E-03,0.55499993338E-08,0.37912045449E-03
 0.68400000000E+05,0.21689497717E-02,0.16000000000E-03,0.55499993338E-08,0.37961995443E-03
 0.68490000000E+05,0.21718036530E-02,0.16000000000E-03,0.55499993338E-08,0.38011945437E-03
 0.68580000000E+05,0.21746575342E-02,0.16000000000E-03,0.55499993338E-08,0.38061895431E-03
 0.68670000000E+05,0.21775114155E-02,0.16000000000E-03,0.55499993338E-08,0.38111845425E-03
 0.68760000000E+05,0.21803652968E-02,0.16000000000E-03,0.55499993338E-08,0.38161795419E-03
 0.68850000000E+05,0.21832191781E-02,0.16000000000E-03,0.55499993338E-08,0.38211745413E-03
 0.68940000000E+05,0.21860730594E-02,0.16000000000E-03,0.55499993338E-08,0.38261695407E-03
 0.69030000000E+05,0.21889269406E-02,0.16000000000E-03,0.55499993338E-08,0.38311645401E-03
 0.69120000000E+05,0.21917808219E-02,0.16000000000E-03,0.55499993338E-08,0.38361595395E-03
 0.69210000000E+05,0.21946347032E-02,0.16000000000E-03,0.55499993338E-08,0.38411545389E-03
 0.69300000000E+05,0.21974885845E-02,0.16000000000E-03,0.55499993338E-08,0.38461495383E-03
 0.69390000000E+05,0.22003424658E-02,0.16000000000E-03,0.55499993338E-08,0.38511445377E-03
 0.69480000000E+05,0.22031963470E-02,0.16000000000E-03,0.55499993338E-08,0.38561395371E-03
 0.69570000000E+05,0.22060502283E-02,0.16000000000E-03,0.55499993338E-08,0.38611345365E-03
 0.69660000000E+05,0.22089041096E-02,0.16000000000E-03,0.55499993338E-08,0.38661295359E-03
 0.69750000000E+05,0.22117579909E-02,0.16000000000E-03,0.55499993338E-08,0.38711245353E-03
 0.69840000000E+05,0.22146118721E-02,0.16000000000E-03,0.55499993338E-08,0.38761195347E-03
 0.69930000000E+05,0.22174657534E-02,0.16000000000E-03,0.55499993338E-08,0.38811145341E-03
 0.70020000000E+05,0.22203196347E-02,0.16000000000E-03,0.55499993338E-08,0.38861095335E-03
 0.70110000000E+05,0.22231735160E-02,0.16000000000E-03,0.55499993338E-08,0.38911045329E-03
 0.70200000000E+05,0.22260273973E-02,0.16000000000E-03,0.55499993338E-08,0.38960995323E-03
 0.70290000000E+05,0.22288812785E-02,0.16000000000E-03,0.55499993338E-08,0.39010945317E-03
 0.70380000000E+05,0.22317351598E-02,0.16000000000E-03,0.55499993338E-08,0.39060895311E-03
 0.70470000000E+05,0.22345890411E-02,0.16000000000E-03,0.55499993338E-08,0.39110845305E-03
 0.70560000000E+05,0.22374429224E-02,0.16000000000E-03,0.55499993338E-08,0.39160795299E-03
 0.70650000000E+05,0.22402968037E-02,0.16000000000E-03,0.55499993338E-08,0.39210745293E-03
 0.70740000000E+05,0.22431506849E-02,0.16000000000E-03,0.55499993338E-08,0.39260695287E-03
 0.70830000000E+05,0.22460045662E-02,0.16000000000E-03,0.55499993338E-08,0.39310645281E-03
 0.70920000000E+05,0.22488584475E-02,0.16000000000E-03,0.55499993338E-08,0.39360595275E-03
 0.71010000000E+05,0.22517123288E-02,0.16000000000E-03,0.55499993338E-08,0.39410545269E-03
 0.71100000000E+05,0.22545662100E-02,0.16000000000E-03,0.55499993338E-08,0.39460495263E-03
 0.71190000000E+05,0.22574200913E-02,0.16000000000E-03,0.55499993338E-08,0.39510445257E-03
 0.71280000000E+05,0.22602739726E-02,0.16000000000E-03,0.55499993338E-08,0.39560395251E-03
 0.71370000000E+05,0.22631278539E-02,0.16000000000E-03,0.55499993338E-08,0.39610345245E-03
 0.71460000000E+05,0.22659817352E-02,0.16000000000E-03,0.55499993338E-08,0.39660295239E-03
 0.71550000000E+05,0.22688356164E-02,0.16000000000E-03,0.55499993338E-08,0.39710245233E-03
 0.71640000000E+05,0.22716894977E-02,0.16000000000E-03,0.55499993338E-08,0.39760195227E-03
 0.71730000000E+05,0.22745433790E-02,0.16000000000E-03,0.55499993338E-08,0.39810145221E-03
 0.71820000000E+05,0.22773972603E-02,0.16000000000E-03,0.55499993338E-08,0.39860095215E-03
 0.71910000000E+05,0.22802511416E-02,0.16000000000E-03,0.55499993338E-08,0.39910045209E-03
 0.72000000000E+05,0.22831050228E-02,0.16000000000E-03,0.55499993338E-08,0.39959995203E-03
 0.72090000000E+05,0.22859589041E-02,0.16000000000E-03,0.55499993338E-08,0.40009945197E-03
 0.72180000000E+05,0.22888127854E-02,0.16000000000E-03,0.55499993338E-08,0.40059895191E-03
 0.72270000000E+05,0.22916666667E-02,0.16000000000E-03,0.55499993338E-08,0.40109845185E-03
 0.72360000000E+05,0.22945205479E-02,0.16000000000E-03,0.55499993338E-08,0.40159795179E-03
 0.72450000000E+05,0.22973744292E-02,0.16000000000E-03,0.55499993338E-08,0.40209745173E-03
 0.72540000000E+05,0.23002283105E-02,0.16000000000E-03,0.55499993338E-08,0.40259695167E-03
 0.72630000000E+05,0.23030821918E-02,0.16000000000E-03,0.55499993338E-08,0.40309645161E-03
 0.72720000000E+05,0.23059360731E-02,0.16000000000E-03,0.55499993338E-08,0.40359595155E-03
 0.72810000000E+05,0.23087899543E-02,0.16000000000E-03,0.55499993338E-08,0.40409545149E-03
 0.72900000000E+05,0.23116438356E-02,0.16000000000E-03,0.55499993338E-08,0.40459495143E-03
 0.72990000000E+05,0.23144977169E-02,0.16000000000E-03,0.55499993338E-08,0.40509445137E-03
 0.73080000000E+05,0.23173515982E-02,0.16000000000E-03,0.55499993338E-08,0.40559395131E-03
 0.73170000000E+05,0.23202054795E-02,0.16000000000E-03,0.55499993338E-08,0.40609345125E-03
 0.73260000000E+05,0.23230593607E-02,0.16000000000E-03,0.55499993338E-08,0.40659295119E-03
 0.73350000000E+05,0.23259132420E-02,0.16000000000E-03,0.55499993338E-08,0.40709245113E-03
 0.73440000000E+05,0.23287671233E-02,0.16000000000E-03,0.55499993338E-08,0.40759195107E-03
 0.73530000000E+05,0.23316210046E-02,0.16000000000E-03,0.55499993338E-08,0.40809145101E-03
 0.73620000000E+05,0.23344748858E-02,0.16000000000E-03,0.55499993338E-08,0.40859095095E-03
 0.73710000000E+05,0.23373287671E-02,0.16000000000E-03,0.55499993338E-08,0.40909045089E-03
 0.73800000000E+05,0.23401826484E-02,0.16000000000E-03,0.55499993338E-08,0.40958995083E-03
 0.73890000000E+05,0.23430365297E-02,0.16000000000E-03,0.55499993338E-08,0.41008945077E-03
 0.73980000000E+05,0.23458904110E-02,0.16000000000E-03,0.55499993338E-08,0.41058895071E-03
 0.74070000000E+05,0.23487442922E-02,0.16000000000E-03,0.55499993338E-08,0.41108845065E-03
 0.74160000000E+05,0.23515981735E-02,0.16000000000E-03,0.55499993338E-08,0.41158795059E-03
 0.74250000000E+05,0.23544520548E-02,0.16000000000E-03,0.55499993338E-08,0.41208745053E-03
 0.74340000000E+05,0.23573059361E-02,0.16000000000E-03,0.55499993338E-08,0.41258695047E-03
 0.74430000000E+05,0.23601598174E-02,0.16000000000E-03,0.55499993338E-08,0.41308645041E-03
 0.74520000000E+05,0.23630136986E-02,0.16000000000E-03,0.55499993338E-08,0.41358595035E-03
 0.74610000000E+05,0.23658675799E-02,0.16000000000E-03,0.55499993338E-08,0.41408545029E-03
 0.74700000000E+05,0.23687214612E-02,0.16000000000E-03,0.55499993338E-08,0.41458495023E-03
 0.74790000000E+05,0.23715753425E-02,0.16000000000E-03,0.55499993338E-08,0.41508445017E-03
 0.74880000000E+05,0.23744292237E-02,0.16000000000E-03,0.55499993338E-08,0.41558395011E-03
 0.74970000000E+05,0.23772831050E-02,0.16000000000E-03,0.55499993338E-08,0.41608345005E-03
 0.75060000000E+05,0.23801369863E-02,0.16000000000E-03,0.55499993338E-08,0.41658294999E-03
 0.75150000000E+05,0.23829908676E-02,0.16000000000E-03,0.55499993338E-08,0.41708244993E-03
 0.75240000000E+05,0.23858447489E-02,0.16000000000E-03,0.55499993338E-08,0.41758194987E-03
 0.75330000000E+05,0.23886986301E-02,0.16000000000E-03,0.55499993338E-08,0.41808144981E-03
 0.75420000000E+05,0.23915525114E-02,0.16000000000E-03,0.55499993338E-08,0.41858094975E-03
 0.75510000000E+05,0.23944063927E-02,0.16000000000E-03,0.55499993338E-08,0.41908044969E-03
 0.75600000000E+05,0.23972602740E-02,0.16000000000E-03,0.55499993338E-08,0.41957994963E-03
 0.75690000000E+05,0.24001141553E-02,0.16000000000E-03,0.55499993338E-08,0.42007944957E-03
 0.75780000000E+05,0.24029680365E-02,0.16000000000E-03,0.55499993338E-08,0.42057894951E-03
 0.75870000000E+05,0.24058219178E-02,0.16000000000E-03,0.55499993338E-08,0.42107844945E-03
 0.75960000000E+05,0.24086757991E-02,0.16000000000E-03,0.55499993338E-08,0.42157794939E-03
 0.76050000000E+05,0.24115296804E-02,0.16000000000E-03,0.55499993338E-08,0.42207744933E-03
 0.76140000000E+05,0.24143835616E-02,0.16000000000E-03,0.55499993338E-08,0.42257694927E-03
 0.76230000000E+05,0.24172374429E-02,0.16000000000E-03,0.55499993338E-08,0.42307644921E-03
 0.76320000000E+05,0.24200913242E-02,0.16000000000E-03,0.55499993338E-08,0.42357594915E-03
 0.76410000000E+05,0.24229452055E-02,0.16000000000E-03,0.55499993338E-08,0.42407544909E-03
 0.76500000000E+05,0.24257990868E-02,0.16000000000E-03,0.55499993338E-08,0.42457494903E-03
 0.76590000000E+05,0.24286529680E-02,0.16000000000E-03,0.55499993338E-08,0.42507444897E-03
 0.76680000000E+05,0.24315068493E-02,0.16000000000E-03,0.55499993338E-08,0.42557394891E-03
 0.76770000000E+05,0.24343607306E-02,0.16000000000E-03,0.55499993338E-08,0.42607344885E-03
 0.76860000000E+05,0.24372146119E-02,0.16000000000E-03,0.55499993338E-08,0.42657294879E-03
 0.76950000000E+05,0.24400684932E-02,0.16000000000E-03,0.55499993338E-08,0.42707244873E-03
 0.77040000000E+05,0.24429223744E-02,0.16000000000E-03,0.55499993338E-08,0.42757194867E-03
 0.77130000000E+05,0.24457762557E-02,0.16000000000E-03,0.55499993338E-08,0.42807144861E-03
 0.77220000000E+05,0.24486301370E-02,0.16000000000E-03,0.55499993338E-08,0.42857094855E-03
 0.77310000000E+05,0.24514840183E-02,0.16000000000E-03,0.55499993338E-08,0.42907044849E-03
 0.77400000000E+05,0.24543378995E-02,0.16000000000E-03,0.55499993338E-08,0.42956994843E-03
 0.77490000000E+05,0.24571917808E-02,0.16000000000E-03,0.55499993338E-08,0.43006944837E-03
 0.77580000000E+05,0.24600456621E-02,0.16000000000E-03,0.55499993338E-08,0.43056894831E-03
 0.77670000000E+05,0.24628995434E-02,0.16000000000E-03,0.55499993338E-08,0.43106844825E-03
 0.77760000000E+05,0.24657534247E-02,0.16000000000E-03,0.55499993338E-08,0.43156794819E-03
 0.77850000000E+05,0.24686073059E-02,0.16000000000E-03,0.55499993338E-08,0.43206744813E-03
 0.77940000000E+05,0.24714611872E-02,0.16000000000E-03,0.55499993338E-08,0.43256694807E-03
 0.78030000000E+05,0.24743150685E-02,0.16000000000E-03,0.55499993338E-08,0.43306644801E-03
 0.78120000000E+05,0.24771689498E-02,0.16000000000E-03,0.55499993338E-08,0.43356594795E-03
 0.78210000000E+05,0.24800228311E-02,0.16000000000E-03,0.55499993338E-08,0.43406544789E-03
 0.78300000000E+05,0.24828767123E-02,0.16000000000E-03,0.55499993338E-08,0.43456494783E-03
 0.78390000000E+05,0.24857305936E-02,0.16000000000E-03,0.55499993338E-08,0.43506444777E-03
 0.78480000000E+05,0.24885844749E-02,0.16000000000E-03,0.55499993338E-08,0.43556394771E-03
 0.78570000000E+05,0.24914383562E-02,0.16000000000E-03,0.55499993338E-08,0.43606344765E-03
 0.78660000000E+05,0.24942922374E-02,0.16000000000E-03,0.55499993338E-08,0.43656294759E-03
 0.78750000000E+05,0.24971461187E-02,0.16000000000E-03,0.55499993338E-08,0.43706244753E-03
 0.78840000000E+05,0.25000000000E-02,0.16000000000E-03,0.55499993338E-08,0.43756194747E-03
 0.78930000000E+05,0.25028538813E-02,0.16000000000E-03,0.55499993338E-08,0.43806144741E-03
 0.79020000000E+05,0.25057077626E-02,0.16000000000E-03,0.55499993338E-08,0.43856094735E-03
 0.79110000000E+05,0.25085616438E-02,0.16000000000E-03,0.55499993338E-08,0.43906044729E-03
 0.79200000000E+05,0.25114155251E-02,0.16000000000E-03,0.55499993338E-08,0.43955994723E-03
 0.79290000000E+05,0.25142694064E-02,0.16000000000E-03,0.55499993338E-08,0.44005944717E-03
 0.79380000000E+05,0.25171232877E-02,0.16000000000E-03,0.55499993338E-08,0.44055894711E-03
 0.79470000000E+05,0.25199771689E-02,0.16000000000E-03,0.55499993338E-08,0.44105844705E-03
 0.79560000000E+05,0.25228310502E-02,0.16000000000E-03,0.55499993338E-08,0.44155794699E-03
 0.79650000000E+05,0.25256849315E-02,0.16000000000E-03,0.55499993338E-08,0.44205744693E-03
 0.79740000000E+05,0.25285388128E-02,0.16000000000E-03,0.55499993338E-08,0.44255694687E-03
 0.79830000000E+05,0.25313926941E-02,0.16000000000E-03,0.55499993338E-08,0.44305644681E-03
 0.79920000000E+05,0.25342465753E-02,0.16000000000E-03,0.55499993338E-08,0.44355594675E-03
 0.80010000000E+05,0.25371004566E-02,0.16000000000E-03,0.55499993338E-08,0.44405544669E-03
 0.80100000000E+05,0.25399543379E-02,0.16000000000E-03,0.55499993338E-08,0.44455494663E-03
 0.80190000000E+05,0.25428082192E-02,0.16000000000E-03,0.55499993338E-08,0.44505444657E-03
 0.80280000000E+05,0.25456621005E-02,0.16000000000E-03,0.55499993338E-08,0.44555394651E-03
 0.80370000000E+05,0.25485159817E-02,0.16000000000E-03,0.55499993338E-08,0.44605344645E-03
 0.80460000000E+05,0.25513698630E-02,0.16000000000E-03,0.55499993338E-08,0.44655294639E-03
 0.80550000000E+05,0.25542237443E-02,0.16000000000E-03,0.55499993338E-08,0.44705244633E-03
 0.80640000000E+05,0.25570776256E-02,0.16000000000E-03,0.55499993338E-08,0.44755194627E-03
 0.80730000000E+05,0.25599315068E-02,0.16000000000E-03,0.55499993338E-08,0.44805144621E-03
 0.80820000000E+05,0.25627853881E-02,0.16000000000E-03,0.55499993338E-08,0.44855094615E-03
 0.80910000000E+05,0.25656392694E-02,0.16000000000E-03,0.55499993338E-08,0.44905044609E-03
 0.81000000000E+05,0.25684931507E-02,0.16000000000E-03,0.55499993338E-08,0.44954994603E-03
 0.81090000000E+05,0.25713470320E-02,0.16000000000E-03,0.55499993338E-08,0.45004944597E-03
 0.81180000000E+05,0.25742009132E-02,0.16000000000E-03,0.55499993338E-08,0.45054894591E-03
 0.81270000000E+05,0.25770547945E-02,0.16000000000E-03,0.55499993338E-08,0.45104844585E-03
 0.81360000000E+05,0.25799086758E-02,0.16000000000E-03,0.55499993338E-08,0.45154794579E-03
 0.81450000000E+05,0.25827625571E-02,0.16000000000E-03,0.55499993338E-08,0.45204744573E-03
 0.81540000000E+05,0.25856164384E-02,0.16000000000E-03,0.55499993338E-08,0.45254694567E-03
 0.81630000000E+05,0.25884703196E-02,0.16000000000E-03,0.55499993338E-08,0.45304644561E-03
 0.81720000000E+05,0.25913242009E-02,0.16000000000E-03,0.55499993338E-08,0.45354594555E-03
 0.81810000000E+05,0.25941780822E-02,0.16000000000E-03,0.55499993338E-08,0.45404544549E-03
 0.81900000000E+05,0.25970319635E-02,0.16000000000E-03,0.55499993338E-08,0.45454494543E-03
 0.81990000000E+05,0.25998858447E-02,0.16000000000E-03,0.55499993338E-08,0.45504444537E-03
 0.82080000000E+05,0.26027397260E-02,0.16000000000E-03,0.55499993338E-08,0.45554394532E-03
 0.82170000000E+05,0.26055936073E-02,0.16000000000E-03,0.55499993338E-08,0.45604344526E-03
 0.82260000000E+05,0.26084474886E-02,0.16000000000E-03,0.55499993338E-08,0.45654294520E-03
 0.82350000000E+05,0.26113013699E-02,0.16000000000E-03,0.55499993338E-08,0.45704244514E-03
 0.82440000000E+05,0.26141552511E-02,0.16000000000E-03,0.55499993338E-08,0.45754194508E-03
 0.82530000000E+05,0.26170091324E-02,0.16000000000E-03,0.55499993338E-08,0.45804144502E-03
 0.82620000000E+05,0.26198630137E-02,0.16000000000E-03,0.55499993338E-08,0.45854094496E-03
 0.82710000000E+05,0.26227168950E-02,0.16000000000E-03,0.55499993338E-08,0.45904044490E-03
 0.82800000000E+05,0.26255707763E-02,0.16000000000E-03,0.55499993338E-08,0.45953994484E-03
 0.82890000000E+05,0.26284246575E-02,0.16000000000E-03,0.55499993338E-08,0.46003944478E-03
 0.82980000000E+05,0.26312785388E-02,0.16000000000E-03,0.55499993338E-08,0.46053894472E-03
 0.83070000000E+05,0.26341324201E-02,0.16000000000E-03,0.55499993338E-08,0.46103844466E-03
 0.83160000000E+05,0.26369863014E-02,0.16000000000E-03,0.55499993338E-08,0.46153794460E-03
 0.83250000000E+05,0.26398401826E-02,0.16000000000E-03,0.55499993338E-08,0.46203744454E-03
 0.83340000000E+05,0.26426940639E-02,0.16000000000E-03,0.55499993338E-08,0.46253694448E-03
 0.83430000000E+05,0.26455479452E-02,0.16000000000E-03,0.55499993338E-08,0.46303644442E-03
 0.83520000000E+05,0.26484018265E-02,0.16000000000E-03,0.55499993338E-08,0.46353594436E-03
 0.83610000000E+05,0.26512557078E-02,0.16000000000E-03,0.55499993338E-08,0.46403544430E-03
 0.83700000000E+05,0.26541095890E-02,0.16000000000E-03,0.55499993338E-08,0.46453494424E-03
 0.83790000000E+05,0.26569634703E-02,0.16000000000E-03,0.55499993338E-08,0.46503444418E-03
 0.83880000000E+05,0.26598173516E-02,0.16000000000E-03,0.55499993338E-08,0.46553394412E-03
 0.83970000000E+05,0.26626712329E-02,0.16000000000E-03,0.55499993338E-08,0.46603344406E-03
 0.84060000000E+05,0.26655251142E-02,0.16000000000E-03,0.55499993338E-08,0.46653294400E-03
 0.84150000000E+05,0.26683789954E-02,0.16000000000E-03,0.55499993338E-08,0.46703244394E-03
 0.84240000000E+05,0.26712328767E-02,0.16000000000E-03,0.55499993338E-08,0.46753194388E-03
 0.84330000000E+05,0.26740867580E-02,0.16000000000E-03,0.55499993338E-08,0.46803144382E-03
 0.84420000000E+05,0.26769406393E-02,0.16000000000E-03,0.55499993338E-08,0.46853094376E-03
 0.84510000000E+05,0.26797945205E-02,0.16000000000E-03,0.55499993338E-08,0.46903044370E-03
 0.84600000000E+05,0.26826484018E-02,0.16000000000E-03,0.55499993338E-08,0.46952994364E-03
 0.84690000000E+05,0.26855022831E-02,0.16000000000E-03,0.55499993338E-08,0.47002944358E-03
 0.84780000000E+05,0.26883561644E-02,0.16000000000E-03,0.55499993338E-08,0.47052894352E-03
 0.84870000000E+05,0.26912100457E-02,0.16000000000E-03,0.55499993338E-08,0.47102844346E-03
 0.84960000000E+05,0.26940639269E-02,0.16000000000E-03,0.55499993338E-08,0.47152794340E-03
 0.85050000000E+05,0.26969178082E-02,0.16000000000E-03,0.55499993338E-08,0.47202744334E-03
 0.85140000000E+05,0.26997716895E-02,0.16000000000E-03,0.55499993338E-08,0.47252694328E-03
 0.85230000000E+05,0.27026255708E-02,0.16000000000E-03,0.55499993338E-08,0.47302644322E-03
 0.85320000000E+05,0.27054794521E-02,0.16000000000E-03,0.55499993338E-08,0.47352594316E-03
 0.85410000000E+05,0.27083333333E-02,0.16000000000E-03,0.55499993338E-08,0.47402544310E-03
 0.85500000000E+05,0.27111872146E-02,0.16000000000E-03,0.55499993338E-08,0.47452494304E-03
 0.85590000000E+05,0.27140410959E-02,0.16000000000E-03,0.55499993338E-08,0.47502444298E-03
 0.85680000000E+05,0.27168949772E-02,0.16000000000E-03,0.55499993338E-08,0.47552394292E-03
 0.85770000000E+05,0.27197488584E-02,0.16000000000E-03,0.55499993338E-08,0.47602344286E-03
 0.85860000000E+05,0.27226027397E-02,0.16000000000E-03,0.55499993338E-08,0.47652294280E-03
 0.85950000000E+05,0.27254566210E-02,0.16000000000E-03,0.55499993338E-08,0.47702244274E-03
 0.86040000000E+05,0.27283105023E-02,0.16000000000E-03,0.55499993338E-08,0.47752194268E-03
 0.86130000000E+05,0.27311643836E-02,0.16000000000E-03,0.55499993338E-08,0.47802144262E-03
 0.86220000000E+05,0.27340182648E-02,0.16000000000E-03,0.55499993338E-08,0.47852094256E-03
 0.86310000000E+05,0.27368721461E-02,0.16000000000E-03,0.55499993338E-08,0.47902044250E-03
 0.86400000000E+05,0.27397260274E-02,0.16000000000E-03,0.55499993338E-08,0.47951994244E-03
